Data;Unidade;Demanda_Prevista;Modelo
01/10/2025;ACAILANDIA;140;GradientBoosting
02/10/2025;ACAILANDIA;124;GradientBoosting
03/10/2025;ACAILANDIA;120;GradientBoosting
06/10/2025;ACAILANDIA;164;GradientBoosting
07/10/2025;ACAILANDIA;142;GradientBoosting
08/10/2025;ACAILANDIA;138;GradientBoosting
09/10/2025;ACAILANDIA;135;GradientBoosting
10/10/2025;ACAILANDIA;124;GradientBoosting
13/10/2025;ACAILANDIA;154;GradientBoosting
14/10/2025;ACAILANDIA;130;GradientBoosting
15/10/2025;ACAILANDIA;134;GradientBoosting
16/10/2025;ACAILANDIA;119;GradientBoosting
17/10/2025;ACAILANDIA;117;GradientBoosting
20/10/2025;ACAILANDIA;157;GradientBoosting
21/10/2025;ACAILANDIA;127;GradientBoosting
22/10/2025;ACAILANDIA;114;GradientBoosting
23/10/2025;ACAILANDIA;116;GradientBoosting
24/10/2025;ACAILANDIA;109;GradientBoosting
27/10/2025;ACAILANDIA;150;GradientBoosting
28/10/2025;ACAILANDIA;128;GradientBoosting
29/10/2025;ACAILANDIA;122;GradientBoosting
30/10/2025;ACAILANDIA;113;GradientBoosting
31/10/2025;ACAILANDIA;117;GradientBoosting
03/11/2025;ACAILANDIA;158;GradientBoosting
04/11/2025;ACAILANDIA;131;GradientBoosting
05/11/2025;ACAILANDIA;122;GradientBoosting
06/11/2025;ACAILANDIA;118;GradientBoosting
07/11/2025;ACAILANDIA;116;GradientBoosting
10/11/2025;ACAILANDIA;160;GradientBoosting
11/11/2025;ACAILANDIA;129;GradientBoosting
12/11/2025;ACAILANDIA;116;GradientBoosting
01/10/2025;ALTO PARNAIBA;3;LightGBM
02/10/2025;ALTO PARNAIBA;3;LightGBM
03/10/2025;ALTO PARNAIBA;3;LightGBM
06/10/2025;ALTO PARNAIBA;3;LightGBM
07/10/2025;ALTO PARNAIBA;3;LightGBM
08/10/2025;ALTO PARNAIBA;3;LightGBM
09/10/2025;ALTO PARNAIBA;3;LightGBM
10/10/2025;ALTO PARNAIBA;3;LightGBM
13/10/2025;ALTO PARNAIBA;3;LightGBM
14/10/2025;ALTO PARNAIBA;3;LightGBM
15/10/2025;ALTO PARNAIBA;3;LightGBM
16/10/2025;ALTO PARNAIBA;3;LightGBM
17/10/2025;ALTO PARNAIBA;3;LightGBM
20/10/2025;ALTO PARNAIBA;3;LightGBM
21/10/2025;ALTO PARNAIBA;3;LightGBM
22/10/2025;ALTO PARNAIBA;3;LightGBM
23/10/2025;ALTO PARNAIBA;3;LightGBM
24/10/2025;ALTO PARNAIBA;3;LightGBM
27/10/2025;ALTO PARNAIBA;3;LightGBM
28/10/2025;ALTO PARNAIBA;3;LightGBM
29/10/2025;ALTO PARNAIBA;3;LightGBM
30/10/2025;ALTO PARNAIBA;3;LightGBM
31/10/2025;ALTO PARNAIBA;3;LightGBM
03/11/2025;ALTO PARNAIBA;3;LightGBM
04/11/2025;ALTO PARNAIBA;3;LightGBM
05/11/2025;ALTO PARNAIBA;3;LightGBM
06/11/2025;ALTO PARNAIBA;3;LightGBM
07/11/2025;ALTO PARNAIBA;3;LightGBM
10/11/2025;ALTO PARNAIBA;3;LightGBM
11/11/2025;ALTO PARNAIBA;3;LightGBM
12/11/2025;ALTO PARNAIBA;3;LightGBM
01/10/2025;AMARANTE DO MARANHAO;2;LightGBM
02/10/2025;AMARANTE DO MARANHAO;2;LightGBM
03/10/2025;AMARANTE DO MARANHAO;2;LightGBM
06/10/2025;AMARANTE DO MARANHAO;2;LightGBM
07/10/2025;AMARANTE DO MARANHAO;3;LightGBM
08/10/2025;AMARANTE DO MARANHAO;2;LightGBM
09/10/2025;AMARANTE DO MARANHAO;2;LightGBM
10/10/2025;AMARANTE DO MARANHAO;2;LightGBM
13/10/2025;AMARANTE DO MARANHAO;3;LightGBM
14/10/2025;AMARANTE DO MARANHAO;2;LightGBM
15/10/2025;AMARANTE DO MARANHAO;2;LightGBM
16/10/2025;AMARANTE DO MARANHAO;2;LightGBM
17/10/2025;AMARANTE DO MARANHAO;2;LightGBM
20/10/2025;AMARANTE DO MARANHAO;3;LightGBM
21/10/2025;AMARANTE DO MARANHAO;2;LightGBM
22/10/2025;AMARANTE DO MARANHAO;2;LightGBM
23/10/2025;AMARANTE DO MARANHAO;2;LightGBM
24/10/2025;AMARANTE DO MARANHAO;2;LightGBM
27/10/2025;AMARANTE DO MARANHAO;2;LightGBM
28/10/2025;AMARANTE DO MARANHAO;2;LightGBM
29/10/2025;AMARANTE DO MARANHAO;2;LightGBM
30/10/2025;AMARANTE DO MARANHAO;2;LightGBM
31/10/2025;AMARANTE DO MARANHAO;2;LightGBM
03/11/2025;AMARANTE DO MARANHAO;3;LightGBM
04/11/2025;AMARANTE DO MARANHAO;3;LightGBM
05/11/2025;AMARANTE DO MARANHAO;2;LightGBM
06/11/2025;AMARANTE DO MARANHAO;2;LightGBM
07/11/2025;AMARANTE DO MARANHAO;2;LightGBM
10/11/2025;AMARANTE DO MARANHAO;3;LightGBM
11/11/2025;AMARANTE DO MARANHAO;3;LightGBM
12/11/2025;AMARANTE DO MARANHAO;2;LightGBM
01/10/2025;ANJO DA GUARDA;156;RandomForest
02/10/2025;ANJO DA GUARDA;144;RandomForest
03/10/2025;ANJO DA GUARDA;143;RandomForest
06/10/2025;ANJO DA GUARDA;187;RandomForest
07/10/2025;ANJO DA GUARDA;167;RandomForest
08/10/2025;ANJO DA GUARDA;147;RandomForest
09/10/2025;ANJO DA GUARDA;143;RandomForest
10/10/2025;ANJO DA GUARDA;138;RandomForest
13/10/2025;ANJO DA GUARDA;170;RandomForest
14/10/2025;ANJO DA GUARDA;160;RandomForest
15/10/2025;ANJO DA GUARDA;147;RandomForest
16/10/2025;ANJO DA GUARDA;121;RandomForest
17/10/2025;ANJO DA GUARDA;125;RandomForest
20/10/2025;ANJO DA GUARDA;138;RandomForest
21/10/2025;ANJO DA GUARDA;134;RandomForest
22/10/2025;ANJO DA GUARDA;127;RandomForest
23/10/2025;ANJO DA GUARDA;124;RandomForest
24/10/2025;ANJO DA GUARDA;116;RandomForest
27/10/2025;ANJO DA GUARDA;159;RandomForest
28/10/2025;ANJO DA GUARDA;169;RandomForest
29/10/2025;ANJO DA GUARDA;162;RandomForest
30/10/2025;ANJO DA GUARDA;158;RandomForest
31/10/2025;ANJO DA GUARDA;152;RandomForest
03/11/2025;ANJO DA GUARDA;203;RandomForest
04/11/2025;ANJO DA GUARDA;178;RandomForest
05/11/2025;ANJO DA GUARDA;156;RandomForest
06/11/2025;ANJO DA GUARDA;143;RandomForest
07/11/2025;ANJO DA GUARDA;143;RandomForest
10/11/2025;ANJO DA GUARDA;186;RandomForest
11/11/2025;ANJO DA GUARDA;166;RandomForest
12/11/2025;ANJO DA GUARDA;143;RandomForest
01/10/2025;ARAIOSES;21;ExtraTrees
02/10/2025;ARAIOSES;16;ExtraTrees
03/10/2025;ARAIOSES;15;ExtraTrees
06/10/2025;ARAIOSES;24;ExtraTrees
07/10/2025;ARAIOSES;21;ExtraTrees
08/10/2025;ARAIOSES;19;ExtraTrees
09/10/2025;ARAIOSES;15;ExtraTrees
10/10/2025;ARAIOSES;17;ExtraTrees
13/10/2025;ARAIOSES;17;ExtraTrees
14/10/2025;ARAIOSES;16;ExtraTrees
15/10/2025;ARAIOSES;16;ExtraTrees
16/10/2025;ARAIOSES;13;ExtraTrees
17/10/2025;ARAIOSES;11;ExtraTrees
20/10/2025;ARAIOSES;20;ExtraTrees
21/10/2025;ARAIOSES;19;ExtraTrees
22/10/2025;ARAIOSES;16;ExtraTrees
23/10/2025;ARAIOSES;13;ExtraTrees
24/10/2025;ARAIOSES;12;ExtraTrees
27/10/2025;ARAIOSES;18;ExtraTrees
28/10/2025;ARAIOSES;18;ExtraTrees
29/10/2025;ARAIOSES;16;ExtraTrees
30/10/2025;ARAIOSES;11;ExtraTrees
31/10/2025;ARAIOSES;10;ExtraTrees
03/11/2025;ARAIOSES;17;ExtraTrees
04/11/2025;ARAIOSES;15;ExtraTrees
05/11/2025;ARAIOSES;14;ExtraTrees
06/11/2025;ARAIOSES;11;ExtraTrees
07/11/2025;ARAIOSES;11;ExtraTrees
10/11/2025;ARAIOSES;15;ExtraTrees
11/11/2025;ARAIOSES;14;ExtraTrees
12/11/2025;ARAIOSES;13;ExtraTrees
01/10/2025;ARAME;22;ExtraTrees
02/10/2025;ARAME;20;ExtraTrees
03/10/2025;ARAME;18;ExtraTrees
06/10/2025;ARAME;20;ExtraTrees
07/10/2025;ARAME;20;ExtraTrees
08/10/2025;ARAME;19;ExtraTrees
09/10/2025;ARAME;19;ExtraTrees
10/10/2025;ARAME;18;ExtraTrees
13/10/2025;ARAME;20;ExtraTrees
14/10/2025;ARAME;19;ExtraTrees
15/10/2025;ARAME;17;ExtraTrees
16/10/2025;ARAME;15;ExtraTrees
17/10/2025;ARAME;15;ExtraTrees
20/10/2025;ARAME;17;ExtraTrees
21/10/2025;ARAME;17;ExtraTrees
22/10/2025;ARAME;18;ExtraTrees
23/10/2025;ARAME;17;ExtraTrees
24/10/2025;ARAME;17;ExtraTrees
27/10/2025;ARAME;20;ExtraTrees
28/10/2025;ARAME;20;ExtraTrees
29/10/2025;ARAME;22;ExtraTrees
30/10/2025;ARAME;19;ExtraTrees
31/10/2025;ARAME;19;ExtraTrees
03/11/2025;ARAME;18;ExtraTrees
04/11/2025;ARAME;17;ExtraTrees
05/11/2025;ARAME;17;ExtraTrees
06/11/2025;ARAME;15;ExtraTrees
07/11/2025;ARAME;16;ExtraTrees
10/11/2025;ARAME;14;ExtraTrees
11/11/2025;ARAME;14;ExtraTrees
12/11/2025;ARAME;14;ExtraTrees
01/10/2025;BACABAL;149;RandomForest
02/10/2025;BACABAL;145;RandomForest
03/10/2025;BACABAL;137;RandomForest
06/10/2025;BACABAL;156;RandomForest
07/10/2025;BACABAL;156;RandomForest
08/10/2025;BACABAL;121;RandomForest
09/10/2025;BACABAL;126;RandomForest
10/10/2025;BACABAL;120;RandomForest
13/10/2025;BACABAL;143;RandomForest
14/10/2025;BACABAL;141;RandomForest
15/10/2025;BACABAL;121;RandomForest
16/10/2025;BACABAL;106;RandomForest
17/10/2025;BACABAL;101;RandomForest
20/10/2025;BACABAL;151;RandomForest
21/10/2025;BACABAL;146;RandomForest
22/10/2025;BACABAL;125;RandomForest
23/10/2025;BACABAL;125;RandomForest
24/10/2025;BACABAL;123;RandomForest
27/10/2025;BACABAL;145;RandomForest
28/10/2025;BACABAL;152;RandomForest
29/10/2025;BACABAL;136;RandomForest
30/10/2025;BACABAL;132;RandomForest
31/10/2025;BACABAL;128;RandomForest
03/11/2025;BACABAL;156;RandomForest
04/11/2025;BACABAL;162;RandomForest
05/11/2025;BACABAL;137;RandomForest
06/11/2025;BACABAL;133;RandomForest
07/11/2025;BACABAL;128;RandomForest
10/11/2025;BACABAL;149;RandomForest
11/11/2025;BACABAL;154;RandomForest
12/11/2025;BACABAL;133;RandomForest
01/10/2025;BALSAS;136;RandomForest
02/10/2025;BALSAS;131;RandomForest
03/10/2025;BALSAS;130;RandomForest
06/10/2025;BALSAS;155;RandomForest
07/10/2025;BALSAS;148;RandomForest
08/10/2025;BALSAS;136;RandomForest
09/10/2025;BALSAS;129;RandomForest
10/10/2025;BALSAS;130;RandomForest
13/10/2025;BALSAS;145;RandomForest
14/10/2025;BALSAS;137;RandomForest
15/10/2025;BALSAS;134;RandomForest
16/10/2025;BALSAS;129;RandomForest
17/10/2025;BALSAS;125;RandomForest
20/10/2025;BALSAS;153;RandomForest
21/10/2025;BALSAS;138;RandomForest
22/10/2025;BALSAS;132;RandomForest
23/10/2025;BALSAS;130;RandomForest
24/10/2025;BALSAS;125;RandomForest
27/10/2025;BALSAS;155;RandomForest
28/10/2025;BALSAS;139;RandomForest
29/10/2025;BALSAS;137;RandomForest
30/10/2025;BALSAS;138;RandomForest
31/10/2025;BALSAS;138;RandomForest
03/11/2025;BALSAS;138;RandomForest
04/11/2025;BALSAS;129;RandomForest
05/11/2025;BALSAS;123;RandomForest
06/11/2025;BALSAS;113;RandomForest
07/11/2025;BALSAS;114;RandomForest
10/11/2025;BALSAS;143;RandomForest
11/11/2025;BALSAS;129;RandomForest
12/11/2025;BALSAS;115;RandomForest
01/10/2025;BARRA DO CORDA;91;ExtraTrees
02/10/2025;BARRA DO CORDA;86;ExtraTrees
03/10/2025;BARRA DO CORDA;80;ExtraTrees
06/10/2025;BARRA DO CORDA;94;ExtraTrees
07/10/2025;BARRA DO CORDA;92;ExtraTrees
08/10/2025;BARRA DO CORDA;85;ExtraTrees
09/10/2025;BARRA DO CORDA;80;ExtraTrees
10/10/2025;BARRA DO CORDA;80;ExtraTrees
13/10/2025;BARRA DO CORDA;92;ExtraTrees
14/10/2025;BARRA DO CORDA;88;ExtraTrees
15/10/2025;BARRA DO CORDA;82;ExtraTrees
16/10/2025;BARRA DO CORDA;81;ExtraTrees
17/10/2025;BARRA DO CORDA;82;ExtraTrees
20/10/2025;BARRA DO CORDA;91;ExtraTrees
21/10/2025;BARRA DO CORDA;90;ExtraTrees
22/10/2025;BARRA DO CORDA;83;ExtraTrees
23/10/2025;BARRA DO CORDA;81;ExtraTrees
24/10/2025;BARRA DO CORDA;82;ExtraTrees
27/10/2025;BARRA DO CORDA;90;ExtraTrees
28/10/2025;BARRA DO CORDA;89;ExtraTrees
29/10/2025;BARRA DO CORDA;82;ExtraTrees
30/10/2025;BARRA DO CORDA;81;ExtraTrees
31/10/2025;BARRA DO CORDA;81;ExtraTrees
03/11/2025;BARRA DO CORDA;69;ExtraTrees
04/11/2025;BARRA DO CORDA;85;ExtraTrees
05/11/2025;BARRA DO CORDA;77;ExtraTrees
06/11/2025;BARRA DO CORDA;75;ExtraTrees
07/11/2025;BARRA DO CORDA;87;ExtraTrees
10/11/2025;BARRA DO CORDA;76;ExtraTrees
11/11/2025;BARRA DO CORDA;90;ExtraTrees
12/11/2025;BARRA DO CORDA;85;ExtraTrees
01/10/2025;BARREIRINHAS;105;ExtraTrees
02/10/2025;BARREIRINHAS;102;ExtraTrees
03/10/2025;BARREIRINHAS;104;ExtraTrees
06/10/2025;BARREIRINHAS;131;ExtraTrees
07/10/2025;BARREIRINHAS;111;ExtraTrees
08/10/2025;BARREIRINHAS;96;ExtraTrees
09/10/2025;BARREIRINHAS;93;ExtraTrees
10/10/2025;BARREIRINHAS;92;ExtraTrees
13/10/2025;BARREIRINHAS;118;ExtraTrees
14/10/2025;BARREIRINHAS;106;ExtraTrees
15/10/2025;BARREIRINHAS;88;ExtraTrees
16/10/2025;BARREIRINHAS;93;ExtraTrees
17/10/2025;BARREIRINHAS;94;ExtraTrees
20/10/2025;BARREIRINHAS;113;ExtraTrees
21/10/2025;BARREIRINHAS;108;ExtraTrees
22/10/2025;BARREIRINHAS;99;ExtraTrees
23/10/2025;BARREIRINHAS;93;ExtraTrees
24/10/2025;BARREIRINHAS;94;ExtraTrees
27/10/2025;BARREIRINHAS;117;ExtraTrees
28/10/2025;BARREIRINHAS;111;ExtraTrees
29/10/2025;BARREIRINHAS;101;ExtraTrees
30/10/2025;BARREIRINHAS;95;ExtraTrees
31/10/2025;BARREIRINHAS;99;ExtraTrees
03/11/2025;BARREIRINHAS;113;ExtraTrees
04/11/2025;BARREIRINHAS;110;ExtraTrees
05/11/2025;BARREIRINHAS;88;ExtraTrees
06/11/2025;BARREIRINHAS;95;ExtraTrees
07/11/2025;BARREIRINHAS;94;ExtraTrees
10/11/2025;BARREIRINHAS;108;ExtraTrees
11/11/2025;BARREIRINHAS;105;ExtraTrees
12/11/2025;BARREIRINHAS;99;ExtraTrees
01/10/2025;BOM JARDIM;37;ExtraTrees
02/10/2025;BOM JARDIM;35;ExtraTrees
03/10/2025;BOM JARDIM;33;ExtraTrees
06/10/2025;BOM JARDIM;42;ExtraTrees
07/10/2025;BOM JARDIM;38;ExtraTrees
08/10/2025;BOM JARDIM;30;ExtraTrees
09/10/2025;BOM JARDIM;31;ExtraTrees
10/10/2025;BOM JARDIM;28;ExtraTrees
13/10/2025;BOM JARDIM;39;ExtraTrees
14/10/2025;BOM JARDIM;32;ExtraTrees
15/10/2025;BOM JARDIM;29;ExtraTrees
16/10/2025;BOM JARDIM;29;ExtraTrees
17/10/2025;BOM JARDIM;25;ExtraTrees
20/10/2025;BOM JARDIM;35;ExtraTrees
21/10/2025;BOM JARDIM;33;ExtraTrees
22/10/2025;BOM JARDIM;30;ExtraTrees
23/10/2025;BOM JARDIM;32;ExtraTrees
24/10/2025;BOM JARDIM;26;ExtraTrees
27/10/2025;BOM JARDIM;31;ExtraTrees
28/10/2025;BOM JARDIM;37;ExtraTrees
29/10/2025;BOM JARDIM;33;ExtraTrees
30/10/2025;BOM JARDIM;34;ExtraTrees
31/10/2025;BOM JARDIM;30;ExtraTrees
03/11/2025;BOM JARDIM;42;ExtraTrees
04/11/2025;BOM JARDIM;39;ExtraTrees
05/11/2025;BOM JARDIM;31;ExtraTrees
06/11/2025;BOM JARDIM;31;ExtraTrees
07/11/2025;BOM JARDIM;31;ExtraTrees
10/11/2025;BOM JARDIM;38;ExtraTrees
11/11/2025;BOM JARDIM;28;ExtraTrees
12/11/2025;BOM JARDIM;29;ExtraTrees
01/10/2025;BREJO;21;RandomForest
02/10/2025;BREJO;16;RandomForest
03/10/2025;BREJO;15;RandomForest
06/10/2025;BREJO;24;RandomForest
07/10/2025;BREJO;18;RandomForest
08/10/2025;BREJO;16;RandomForest
09/10/2025;BREJO;13;RandomForest
10/10/2025;BREJO;15;RandomForest
13/10/2025;BREJO;25;RandomForest
14/10/2025;BREJO;20;RandomForest
15/10/2025;BREJO;16;RandomForest
16/10/2025;BREJO;13;RandomForest
17/10/2025;BREJO;13;RandomForest
20/10/2025;BREJO;21;RandomForest
21/10/2025;BREJO;18;RandomForest
22/10/2025;BREJO;18;RandomForest
23/10/2025;BREJO;16;RandomForest
24/10/2025;BREJO;15;RandomForest
27/10/2025;BREJO;25;RandomForest
28/10/2025;BREJO;21;RandomForest
29/10/2025;BREJO;21;RandomForest
30/10/2025;BREJO;19;RandomForest
31/10/2025;BREJO;19;RandomForest
03/11/2025;BREJO;26;RandomForest
04/11/2025;BREJO;21;RandomForest
05/11/2025;BREJO;19;RandomForest
06/11/2025;BREJO;16;RandomForest
07/11/2025;BREJO;16;RandomForest
10/11/2025;BREJO;21;RandomForest
11/11/2025;BREJO;19;RandomForest
12/11/2025;BREJO;19;RandomForest
01/10/2025;BURITI;14;RandomForest
02/10/2025;BURITI;14;RandomForest
03/10/2025;BURITI;14;RandomForest
06/10/2025;BURITI;13;RandomForest
07/10/2025;BURITI;10;RandomForest
08/10/2025;BURITI;12;RandomForest
09/10/2025;BURITI;12;RandomForest
10/10/2025;BURITI;11;RandomForest
13/10/2025;BURITI;14;RandomForest
14/10/2025;BURITI;14;RandomForest
15/10/2025;BURITI;13;RandomForest
16/10/2025;BURITI;12;RandomForest
17/10/2025;BURITI;12;RandomForest
20/10/2025;BURITI;15;RandomForest
21/10/2025;BURITI;13;RandomForest
22/10/2025;BURITI;12;RandomForest
23/10/2025;BURITI;12;RandomForest
24/10/2025;BURITI;13;RandomForest
27/10/2025;BURITI;15;RandomForest
28/10/2025;BURITI;13;RandomForest
29/10/2025;BURITI;12;RandomForest
30/10/2025;BURITI;12;RandomForest
31/10/2025;BURITI;12;RandomForest
03/11/2025;BURITI;15;RandomForest
04/11/2025;BURITI;13;RandomForest
05/11/2025;BURITI;13;RandomForest
06/11/2025;BURITI;12;RandomForest
07/11/2025;BURITI;13;RandomForest
10/11/2025;BURITI;15;RandomForest
11/11/2025;BURITI;12;RandomForest
12/11/2025;BURITI;12;RandomForest
01/10/2025;BURITI BRAVO;3;LightGBM
02/10/2025;BURITI BRAVO;2;LightGBM
03/10/2025;BURITI BRAVO;2;LightGBM
06/10/2025;BURITI BRAVO;3;LightGBM
07/10/2025;BURITI BRAVO;3;LightGBM
08/10/2025;BURITI BRAVO;2;LightGBM
09/10/2025;BURITI BRAVO;2;LightGBM
10/10/2025;BURITI BRAVO;2;LightGBM
13/10/2025;BURITI BRAVO;2;LightGBM
14/10/2025;BURITI BRAVO;2;LightGBM
15/10/2025;BURITI BRAVO;2;LightGBM
16/10/2025;BURITI BRAVO;2;LightGBM
17/10/2025;BURITI BRAVO;2;LightGBM
20/10/2025;BURITI BRAVO;2;LightGBM
21/10/2025;BURITI BRAVO;2;LightGBM
22/10/2025;BURITI BRAVO;2;LightGBM
23/10/2025;BURITI BRAVO;2;LightGBM
24/10/2025;BURITI BRAVO;2;LightGBM
27/10/2025;BURITI BRAVO;2;LightGBM
28/10/2025;BURITI BRAVO;2;LightGBM
29/10/2025;BURITI BRAVO;2;LightGBM
30/10/2025;BURITI BRAVO;2;LightGBM
31/10/2025;BURITI BRAVO;2;LightGBM
03/11/2025;BURITI BRAVO;2;LightGBM
04/11/2025;BURITI BRAVO;2;LightGBM
05/11/2025;BURITI BRAVO;2;LightGBM
06/11/2025;BURITI BRAVO;2;LightGBM
07/11/2025;BURITI BRAVO;2;LightGBM
10/11/2025;BURITI BRAVO;2;LightGBM
11/11/2025;BURITI BRAVO;2;LightGBM
12/11/2025;BURITI BRAVO;2;LightGBM
01/10/2025;BURITICUPU;41;GradientBoosting
02/10/2025;BURITICUPU;52;GradientBoosting
03/10/2025;BURITICUPU;50;GradientBoosting
06/10/2025;BURITICUPU;73;GradientBoosting
07/10/2025;BURITICUPU;68;GradientBoosting
08/10/2025;BURITICUPU;59;GradientBoosting
09/10/2025;BURITICUPU;59;GradientBoosting
10/10/2025;BURITICUPU;59;GradientBoosting
13/10/2025;BURITICUPU;61;GradientBoosting
14/10/2025;BURITICUPU;54;GradientBoosting
15/10/2025;BURITICUPU;50;GradientBoosting
16/10/2025;BURITICUPU;50;GradientBoosting
17/10/2025;BURITICUPU;50;GradientBoosting
20/10/2025;BURITICUPU;61;GradientBoosting
21/10/2025;BURITICUPU;53;GradientBoosting
22/10/2025;BURITICUPU;50;GradientBoosting
23/10/2025;BURITICUPU;53;GradientBoosting
24/10/2025;BURITICUPU;53;GradientBoosting
27/10/2025;BURITICUPU;62;GradientBoosting
28/10/2025;BURITICUPU;53;GradientBoosting
29/10/2025;BURITICUPU;52;GradientBoosting
30/10/2025;BURITICUPU;52;GradientBoosting
31/10/2025;BURITICUPU;54;GradientBoosting
03/11/2025;BURITICUPU;62;GradientBoosting
04/11/2025;BURITICUPU;42;GradientBoosting
05/11/2025;BURITICUPU;45;GradientBoosting
06/11/2025;BURITICUPU;42;GradientBoosting
07/11/2025;BURITICUPU;47;GradientBoosting
10/11/2025;BURITICUPU;60;GradientBoosting
11/11/2025;BURITICUPU;52;GradientBoosting
12/11/2025;BURITICUPU;45;GradientBoosting
01/10/2025;CAROLINA;19;ExtraTrees
02/10/2025;CAROLINA;24;ExtraTrees
03/10/2025;CAROLINA;25;ExtraTrees
06/10/2025;CAROLINA;26;ExtraTrees
07/10/2025;CAROLINA;24;ExtraTrees
08/10/2025;CAROLINA;25;ExtraTrees
09/10/2025;CAROLINA;26;ExtraTrees
10/10/2025;CAROLINA;25;ExtraTrees
13/10/2025;CAROLINA;36;ExtraTrees
14/10/2025;CAROLINA;34;ExtraTrees
15/10/2025;CAROLINA;31;ExtraTrees
16/10/2025;CAROLINA;32;ExtraTrees
17/10/2025;CAROLINA;28;ExtraTrees
20/10/2025;CAROLINA;36;ExtraTrees
21/10/2025;CAROLINA;33;ExtraTrees
22/10/2025;CAROLINA;31;ExtraTrees
23/10/2025;CAROLINA;30;ExtraTrees
24/10/2025;CAROLINA;27;ExtraTrees
27/10/2025;CAROLINA;40;ExtraTrees
28/10/2025;CAROLINA;34;ExtraTrees
29/10/2025;CAROLINA;31;ExtraTrees
30/10/2025;CAROLINA;31;ExtraTrees
31/10/2025;CAROLINA;30;ExtraTrees
03/11/2025;CAROLINA;39;ExtraTrees
04/11/2025;CAROLINA;36;ExtraTrees
05/11/2025;CAROLINA;31;ExtraTrees
06/11/2025;CAROLINA;31;ExtraTrees
07/11/2025;CAROLINA;30;ExtraTrees
10/11/2025;CAROLINA;36;ExtraTrees
11/11/2025;CAROLINA;33;ExtraTrees
12/11/2025;CAROLINA;31;ExtraTrees
01/10/2025;CAXIAS;5;LightGBM
02/10/2025;CAXIAS;5;LightGBM
03/10/2025;CAXIAS;5;LightGBM
06/10/2025;CAXIAS;5;LightGBM
07/10/2025;CAXIAS;5;LightGBM
08/10/2025;CAXIAS;5;LightGBM
09/10/2025;CAXIAS;5;LightGBM
10/10/2025;CAXIAS;4;LightGBM
13/10/2025;CAXIAS;5;LightGBM
14/10/2025;CAXIAS;5;LightGBM
15/10/2025;CAXIAS;5;LightGBM
16/10/2025;CAXIAS;4;LightGBM
17/10/2025;CAXIAS;4;LightGBM
20/10/2025;CAXIAS;5;LightGBM
21/10/2025;CAXIAS;5;LightGBM
22/10/2025;CAXIAS;5;LightGBM
23/10/2025;CAXIAS;4;LightGBM
24/10/2025;CAXIAS;4;LightGBM
27/10/2025;CAXIAS;5;LightGBM
28/10/2025;CAXIAS;5;LightGBM
29/10/2025;CAXIAS;5;LightGBM
30/10/2025;CAXIAS;4;LightGBM
31/10/2025;CAXIAS;4;LightGBM
03/11/2025;CAXIAS;5;LightGBM
04/11/2025;CAXIAS;5;LightGBM
05/11/2025;CAXIAS;5;LightGBM
06/11/2025;CAXIAS;4;LightGBM
07/11/2025;CAXIAS;4;LightGBM
10/11/2025;CAXIAS;5;LightGBM
11/11/2025;CAXIAS;5;LightGBM
12/11/2025;CAXIAS;5;LightGBM
01/10/2025;CHAPADINHA;5;LightGBM
02/10/2025;CHAPADINHA;5;LightGBM
03/10/2025;CHAPADINHA;4;LightGBM
06/10/2025;CHAPADINHA;5;LightGBM
07/10/2025;CHAPADINHA;5;LightGBM
08/10/2025;CHAPADINHA;4;LightGBM
09/10/2025;CHAPADINHA;4;LightGBM
10/10/2025;CHAPADINHA;4;LightGBM
13/10/2025;CHAPADINHA;4;LightGBM
14/10/2025;CHAPADINHA;4;LightGBM
15/10/2025;CHAPADINHA;4;LightGBM
16/10/2025;CHAPADINHA;4;LightGBM
17/10/2025;CHAPADINHA;4;LightGBM
20/10/2025;CHAPADINHA;4;LightGBM
21/10/2025;CHAPADINHA;4;LightGBM
22/10/2025;CHAPADINHA;4;LightGBM
23/10/2025;CHAPADINHA;4;LightGBM
24/10/2025;CHAPADINHA;4;LightGBM
27/10/2025;CHAPADINHA;4;LightGBM
28/10/2025;CHAPADINHA;4;LightGBM
29/10/2025;CHAPADINHA;4;LightGBM
30/10/2025;CHAPADINHA;4;LightGBM
31/10/2025;CHAPADINHA;4;LightGBM
03/11/2025;CHAPADINHA;5;LightGBM
04/11/2025;CHAPADINHA;4;LightGBM
05/11/2025;CHAPADINHA;4;LightGBM
06/11/2025;CHAPADINHA;4;LightGBM
07/11/2025;CHAPADINHA;4;LightGBM
10/11/2025;CHAPADINHA;4;LightGBM
11/11/2025;CHAPADINHA;4;LightGBM
12/11/2025;CHAPADINHA;4;LightGBM
01/10/2025;CIDADE OPERARIA;176;RandomForest
02/10/2025;CIDADE OPERARIA;172;RandomForest
03/10/2025;CIDADE OPERARIA;169;RandomForest
06/10/2025;CIDADE OPERARIA;201;RandomForest
07/10/2025;CIDADE OPERARIA;181;RandomForest
08/10/2025;CIDADE OPERARIA;173;RandomForest
09/10/2025;CIDADE OPERARIA;169;RandomForest
10/10/2025;CIDADE OPERARIA;167;RandomForest
13/10/2025;CIDADE OPERARIA;196;RandomForest
14/10/2025;CIDADE OPERARIA;182;RandomForest
15/10/2025;CIDADE OPERARIA;171;RandomForest
16/10/2025;CIDADE OPERARIA;170;RandomForest
17/10/2025;CIDADE OPERARIA;170;RandomForest
20/10/2025;CIDADE OPERARIA;203;RandomForest
21/10/2025;CIDADE OPERARIA;178;RandomForest
22/10/2025;CIDADE OPERARIA;172;RandomForest
23/10/2025;CIDADE OPERARIA;166;RandomForest
24/10/2025;CIDADE OPERARIA;162;RandomForest
27/10/2025;CIDADE OPERARIA;200;RandomForest
28/10/2025;CIDADE OPERARIA;176;RandomForest
29/10/2025;CIDADE OPERARIA;162;RandomForest
30/10/2025;CIDADE OPERARIA;161;RandomForest
31/10/2025;CIDADE OPERARIA;160;RandomForest
03/11/2025;CIDADE OPERARIA;186;RandomForest
04/11/2025;CIDADE OPERARIA;172;RandomForest
05/11/2025;CIDADE OPERARIA;166;RandomForest
06/11/2025;CIDADE OPERARIA;164;RandomForest
07/11/2025;CIDADE OPERARIA;165;RandomForest
10/11/2025;CIDADE OPERARIA;192;RandomForest
11/11/2025;CIDADE OPERARIA;176;RandomForest
12/11/2025;CIDADE OPERARIA;170;RandomForest
01/10/2025;CODO;147;GradientBoosting
02/10/2025;CODO;138;GradientBoosting
03/10/2025;CODO;123;GradientBoosting
06/10/2025;CODO;160;GradientBoosting
07/10/2025;CODO;144;GradientBoosting
08/10/2025;CODO;131;GradientBoosting
09/10/2025;CODO;123;GradientBoosting
10/10/2025;CODO;110;GradientBoosting
13/10/2025;CODO;143;GradientBoosting
14/10/2025;CODO;122;GradientBoosting
15/10/2025;CODO;115;GradientBoosting
16/10/2025;CODO;112;GradientBoosting
17/10/2025;CODO;102;GradientBoosting
20/10/2025;CODO;146;GradientBoosting
21/10/2025;CODO;133;GradientBoosting
22/10/2025;CODO;120;GradientBoosting
23/10/2025;CODO;112;GradientBoosting
24/10/2025;CODO;104;GradientBoosting
27/10/2025;CODO;139;GradientBoosting
28/10/2025;CODO;122;GradientBoosting
29/10/2025;CODO;124;GradientBoosting
30/10/2025;CODO;119;GradientBoosting
31/10/2025;CODO;90;GradientBoosting
03/11/2025;CODO;127;GradientBoosting
04/11/2025;CODO;112;GradientBoosting
05/11/2025;CODO;109;GradientBoosting
06/11/2025;CODO;106;GradientBoosting
07/11/2025;CODO;98;GradientBoosting
10/11/2025;CODO;126;GradientBoosting
11/11/2025;CODO;107;GradientBoosting
12/11/2025;CODO;103;GradientBoosting
01/10/2025;COELHO NETO;40;ExtraTrees
02/10/2025;COELHO NETO;37;ExtraTrees
03/10/2025;COELHO NETO;36;ExtraTrees
06/10/2025;COELHO NETO;49;ExtraTrees
07/10/2025;COELHO NETO;36;ExtraTrees
08/10/2025;COELHO NETO;36;ExtraTrees
09/10/2025;COELHO NETO;30;ExtraTrees
10/10/2025;COELHO NETO;29;ExtraTrees
13/10/2025;COELHO NETO;39;ExtraTrees
14/10/2025;COELHO NETO;34;ExtraTrees
15/10/2025;COELHO NETO;33;ExtraTrees
16/10/2025;COELHO NETO;28;ExtraTrees
17/10/2025;COELHO NETO;25;ExtraTrees
20/10/2025;COELHO NETO;39;ExtraTrees
21/10/2025;COELHO NETO;33;ExtraTrees
22/10/2025;COELHO NETO;32;ExtraTrees
23/10/2025;COELHO NETO;26;ExtraTrees
24/10/2025;COELHO NETO;24;ExtraTrees
27/10/2025;COELHO NETO;38;ExtraTrees
28/10/2025;COELHO NETO;33;ExtraTrees
29/10/2025;COELHO NETO;30;ExtraTrees
30/10/2025;COELHO NETO;26;ExtraTrees
31/10/2025;COELHO NETO;24;ExtraTrees
03/11/2025;COELHO NETO;57;ExtraTrees
04/11/2025;COELHO NETO;34;ExtraTrees
05/11/2025;COELHO NETO;36;ExtraTrees
06/11/2025;COELHO NETO;33;ExtraTrees
07/11/2025;COELHO NETO;32;ExtraTrees
10/11/2025;COELHO NETO;41;ExtraTrees
11/11/2025;COELHO NETO;34;ExtraTrees
12/11/2025;COELHO NETO;34;ExtraTrees
01/10/2025;COHAFUMA;258;ExtraTrees
02/10/2025;COHAFUMA;255;ExtraTrees
03/10/2025;COHAFUMA;246;ExtraTrees
06/10/2025;COHAFUMA;259;ExtraTrees
07/10/2025;COHAFUMA;250;ExtraTrees
08/10/2025;COHAFUMA;242;ExtraTrees
09/10/2025;COHAFUMA;226;ExtraTrees
10/10/2025;COHAFUMA;207;ExtraTrees
13/10/2025;COHAFUMA;244;ExtraTrees
14/10/2025;COHAFUMA;237;ExtraTrees
15/10/2025;COHAFUMA;227;ExtraTrees
16/10/2025;COHAFUMA;229;ExtraTrees
17/10/2025;COHAFUMA;223;ExtraTrees
20/10/2025;COHAFUMA;262;ExtraTrees
21/10/2025;COHAFUMA;248;ExtraTrees
22/10/2025;COHAFUMA;240;ExtraTrees
23/10/2025;COHAFUMA;241;ExtraTrees
24/10/2025;COHAFUMA;225;ExtraTrees
27/10/2025;COHAFUMA;253;ExtraTrees
28/10/2025;COHAFUMA;249;ExtraTrees
29/10/2025;COHAFUMA;234;ExtraTrees
30/10/2025;COHAFUMA;227;ExtraTrees
31/10/2025;COHAFUMA;206;ExtraTrees
03/11/2025;COHAFUMA;252;ExtraTrees
04/11/2025;COHAFUMA;233;ExtraTrees
05/11/2025;COHAFUMA;226;ExtraTrees
06/11/2025;COHAFUMA;233;ExtraTrees
07/11/2025;COHAFUMA;231;ExtraTrees
10/11/2025;COHAFUMA;254;ExtraTrees
11/11/2025;COHAFUMA;244;ExtraTrees
12/11/2025;COHAFUMA;240;ExtraTrees
01/10/2025;COLINAS;50;GradientBoosting
02/10/2025;COLINAS;61;GradientBoosting
03/10/2025;COLINAS;62;GradientBoosting
06/10/2025;COLINAS;71;GradientBoosting
07/10/2025;COLINAS;48;GradientBoosting
08/10/2025;COLINAS;49;GradientBoosting
09/10/2025;COLINAS;51;GradientBoosting
10/10/2025;COLINAS;52;GradientBoosting
13/10/2025;COLINAS;53;GradientBoosting
14/10/2025;COLINAS;45;GradientBoosting
15/10/2025;COLINAS;50;GradientBoosting
16/10/2025;COLINAS;49;GradientBoosting
17/10/2025;COLINAS;44;GradientBoosting
20/10/2025;COLINAS;57;GradientBoosting
21/10/2025;COLINAS;45;GradientBoosting
22/10/2025;COLINAS;41;GradientBoosting
23/10/2025;COLINAS;34;GradientBoosting
24/10/2025;COLINAS;33;GradientBoosting
27/10/2025;COLINAS;55;GradientBoosting
28/10/2025;COLINAS;45;GradientBoosting
29/10/2025;COLINAS;40;GradientBoosting
30/10/2025;COLINAS;39;GradientBoosting
31/10/2025;COLINAS;36;GradientBoosting
03/11/2025;COLINAS;54;GradientBoosting
04/11/2025;COLINAS;42;GradientBoosting
05/11/2025;COLINAS;42;GradientBoosting
06/11/2025;COLINAS;40;GradientBoosting
07/11/2025;COLINAS;33;GradientBoosting
10/11/2025;COLINAS;49;GradientBoosting
11/11/2025;COLINAS;35;GradientBoosting
12/11/2025;COLINAS;34;GradientBoosting
01/10/2025;COROATA;89;GradientBoosting
02/10/2025;COROATA;90;GradientBoosting
03/10/2025;COROATA;68;GradientBoosting
06/10/2025;COROATA;102;GradientBoosting
07/10/2025;COROATA;92;GradientBoosting
08/10/2025;COROATA;82;GradientBoosting
09/10/2025;COROATA;76;GradientBoosting
10/10/2025;COROATA;70;GradientBoosting
13/10/2025;COROATA;93;GradientBoosting
14/10/2025;COROATA;88;GradientBoosting
15/10/2025;COROATA;80;GradientBoosting
16/10/2025;COROATA;72;GradientBoosting
17/10/2025;COROATA;63;GradientBoosting
20/10/2025;COROATA;99;GradientBoosting
21/10/2025;COROATA;89;GradientBoosting
22/10/2025;COROATA;77;GradientBoosting
23/10/2025;COROATA;74;GradientBoosting
24/10/2025;COROATA;64;GradientBoosting
27/10/2025;COROATA;101;GradientBoosting
28/10/2025;COROATA;91;GradientBoosting
29/10/2025;COROATA;87;GradientBoosting
30/10/2025;COROATA;86;GradientBoosting
31/10/2025;COROATA;83;GradientBoosting
03/11/2025;COROATA;105;GradientBoosting
04/11/2025;COROATA;95;GradientBoosting
05/11/2025;COROATA;79;GradientBoosting
06/11/2025;COROATA;73;GradientBoosting
07/11/2025;COROATA;63;GradientBoosting
10/11/2025;COROATA;92;GradientBoosting
11/11/2025;COROATA;85;GradientBoosting
12/11/2025;COROATA;75;GradientBoosting
01/10/2025;CURURUPU;49;GradientBoosting
02/10/2025;CURURUPU;48;GradientBoosting
03/10/2025;CURURUPU;47;GradientBoosting
06/10/2025;CURURUPU;55;GradientBoosting
07/10/2025;CURURUPU;49;GradientBoosting
08/10/2025;CURURUPU;43;GradientBoosting
09/10/2025;CURURUPU;38;GradientBoosting
10/10/2025;CURURUPU;40;GradientBoosting
13/10/2025;CURURUPU;48;GradientBoosting
14/10/2025;CURURUPU;36;GradientBoosting
15/10/2025;CURURUPU;42;GradientBoosting
16/10/2025;CURURUPU;39;GradientBoosting
17/10/2025;CURURUPU;38;GradientBoosting
20/10/2025;CURURUPU;51;GradientBoosting
21/10/2025;CURURUPU;44;GradientBoosting
22/10/2025;CURURUPU;42;GradientBoosting
23/10/2025;CURURUPU;40;GradientBoosting
24/10/2025;CURURUPU;40;GradientBoosting
27/10/2025;CURURUPU;59;GradientBoosting
28/10/2025;CURURUPU;49;GradientBoosting
29/10/2025;CURURUPU;50;GradientBoosting
30/10/2025;CURURUPU;50;GradientBoosting
31/10/2025;CURURUPU;55;GradientBoosting
03/11/2025;CURURUPU;54;GradientBoosting
04/11/2025;CURURUPU;46;GradientBoosting
05/11/2025;CURURUPU;42;GradientBoosting
06/11/2025;CURURUPU;39;GradientBoosting
07/11/2025;CURURUPU;41;GradientBoosting
10/11/2025;CURURUPU;49;GradientBoosting
11/11/2025;CURURUPU;43;GradientBoosting
12/11/2025;CURURUPU;41;GradientBoosting
01/10/2025;DOM PEDRO;4;LightGBM
02/10/2025;DOM PEDRO;4;LightGBM
03/10/2025;DOM PEDRO;3;LightGBM
06/10/2025;DOM PEDRO;3;LightGBM
07/10/2025;DOM PEDRO;3;LightGBM
08/10/2025;DOM PEDRO;3;LightGBM
09/10/2025;DOM PEDRO;3;LightGBM
10/10/2025;DOM PEDRO;3;LightGBM
13/10/2025;DOM PEDRO;3;LightGBM
14/10/2025;DOM PEDRO;3;LightGBM
15/10/2025;DOM PEDRO;3;LightGBM
16/10/2025;DOM PEDRO;3;LightGBM
17/10/2025;DOM PEDRO;3;LightGBM
20/10/2025;DOM PEDRO;3;LightGBM
21/10/2025;DOM PEDRO;3;LightGBM
22/10/2025;DOM PEDRO;3;LightGBM
23/10/2025;DOM PEDRO;3;LightGBM
24/10/2025;DOM PEDRO;3;LightGBM
27/10/2025;DOM PEDRO;3;LightGBM
28/10/2025;DOM PEDRO;3;LightGBM
29/10/2025;DOM PEDRO;3;LightGBM
30/10/2025;DOM PEDRO;3;LightGBM
31/10/2025;DOM PEDRO;3;LightGBM
03/11/2025;DOM PEDRO;3;LightGBM
04/11/2025;DOM PEDRO;3;LightGBM
05/11/2025;DOM PEDRO;3;LightGBM
06/11/2025;DOM PEDRO;3;LightGBM
07/11/2025;DOM PEDRO;3;LightGBM
10/11/2025;DOM PEDRO;3;LightGBM
11/11/2025;DOM PEDRO;3;LightGBM
12/11/2025;DOM PEDRO;3;LightGBM
01/10/2025;ESTREITO;61;GradientBoosting
02/10/2025;ESTREITO;57;GradientBoosting
03/10/2025;ESTREITO;56;GradientBoosting
06/10/2025;ESTREITO;67;GradientBoosting
07/10/2025;ESTREITO;59;GradientBoosting
08/10/2025;ESTREITO;52;GradientBoosting
09/10/2025;ESTREITO;52;GradientBoosting
10/10/2025;ESTREITO;44;GradientBoosting
13/10/2025;ESTREITO;51;GradientBoosting
14/10/2025;ESTREITO;50;GradientBoosting
15/10/2025;ESTREITO;51;GradientBoosting
16/10/2025;ESTREITO;47;GradientBoosting
17/10/2025;ESTREITO;42;GradientBoosting
20/10/2025;ESTREITO;51;GradientBoosting
21/10/2025;ESTREITO;50;GradientBoosting
22/10/2025;ESTREITO;48;GradientBoosting
23/10/2025;ESTREITO;48;GradientBoosting
24/10/2025;ESTREITO;45;GradientBoosting
27/10/2025;ESTREITO;53;GradientBoosting
28/10/2025;ESTREITO;50;GradientBoosting
29/10/2025;ESTREITO;49;GradientBoosting
30/10/2025;ESTREITO;50;GradientBoosting
31/10/2025;ESTREITO;44;GradientBoosting
03/11/2025;ESTREITO;61;GradientBoosting
04/11/2025;ESTREITO;54;GradientBoosting
05/11/2025;ESTREITO;53;GradientBoosting
06/11/2025;ESTREITO;52;GradientBoosting
07/11/2025;ESTREITO;50;GradientBoosting
10/11/2025;ESTREITO;54;GradientBoosting
11/11/2025;ESTREITO;49;GradientBoosting
12/11/2025;ESTREITO;47;GradientBoosting
01/10/2025;GOVERNADOR NUNES FREIRE;39;RandomForest
02/10/2025;GOVERNADOR NUNES FREIRE;38;RandomForest
03/10/2025;GOVERNADOR NUNES FREIRE;38;RandomForest
06/10/2025;GOVERNADOR NUNES FREIRE;37;RandomForest
07/10/2025;GOVERNADOR NUNES FREIRE;32;RandomForest
08/10/2025;GOVERNADOR NUNES FREIRE;35;RandomForest
09/10/2025;GOVERNADOR NUNES FREIRE;33;RandomForest
10/10/2025;GOVERNADOR NUNES FREIRE;33;RandomForest
13/10/2025;GOVERNADOR NUNES FREIRE;45;RandomForest
14/10/2025;GOVERNADOR NUNES FREIRE;35;RandomForest
15/10/2025;GOVERNADOR NUNES FREIRE;35;RandomForest
16/10/2025;GOVERNADOR NUNES FREIRE;33;RandomForest
17/10/2025;GOVERNADOR NUNES FREIRE;33;RandomForest
20/10/2025;GOVERNADOR NUNES FREIRE;43;RandomForest
21/10/2025;GOVERNADOR NUNES FREIRE;36;RandomForest
22/10/2025;GOVERNADOR NUNES FREIRE;37;RandomForest
23/10/2025;GOVERNADOR NUNES FREIRE;33;RandomForest
24/10/2025;GOVERNADOR NUNES FREIRE;33;RandomForest
27/10/2025;GOVERNADOR NUNES FREIRE;44;RandomForest
28/10/2025;GOVERNADOR NUNES FREIRE;37;RandomForest
29/10/2025;GOVERNADOR NUNES FREIRE;36;RandomForest
30/10/2025;GOVERNADOR NUNES FREIRE;34;RandomForest
31/10/2025;GOVERNADOR NUNES FREIRE;33;RandomForest
03/11/2025;GOVERNADOR NUNES FREIRE;42;RandomForest
04/11/2025;GOVERNADOR NUNES FREIRE;33;RandomForest
05/11/2025;GOVERNADOR NUNES FREIRE;33;RandomForest
06/11/2025;GOVERNADOR NUNES FREIRE;32;RandomForest
07/11/2025;GOVERNADOR NUNES FREIRE;31;RandomForest
10/11/2025;GOVERNADOR NUNES FREIRE;43;RandomForest
11/11/2025;GOVERNADOR NUNES FREIRE;34;RandomForest
12/11/2025;GOVERNADOR NUNES FREIRE;35;RandomForest
01/10/2025;GRAJAU;4;LightGBM
02/10/2025;GRAJAU;4;LightGBM
03/10/2025;GRAJAU;4;LightGBM
06/10/2025;GRAJAU;4;LightGBM
07/10/2025;GRAJAU;4;LightGBM
08/10/2025;GRAJAU;4;LightGBM
09/10/2025;GRAJAU;4;LightGBM
10/10/2025;GRAJAU;4;LightGBM
13/10/2025;GRAJAU;4;LightGBM
14/10/2025;GRAJAU;4;LightGBM
15/10/2025;GRAJAU;4;LightGBM
16/10/2025;GRAJAU;4;LightGBM
17/10/2025;GRAJAU;4;LightGBM
20/10/2025;GRAJAU;4;LightGBM
21/10/2025;GRAJAU;4;LightGBM
22/10/2025;GRAJAU;4;LightGBM
23/10/2025;GRAJAU;4;LightGBM
24/10/2025;GRAJAU;4;LightGBM
27/10/2025;GRAJAU;4;LightGBM
28/10/2025;GRAJAU;4;LightGBM
29/10/2025;GRAJAU;4;LightGBM
30/10/2025;GRAJAU;4;LightGBM
31/10/2025;GRAJAU;4;LightGBM
03/11/2025;GRAJAU;4;LightGBM
04/11/2025;GRAJAU;4;LightGBM
05/11/2025;GRAJAU;4;LightGBM
06/11/2025;GRAJAU;4;LightGBM
07/11/2025;GRAJAU;4;LightGBM
10/11/2025;GRAJAU;4;LightGBM
11/11/2025;GRAJAU;4;LightGBM
12/11/2025;GRAJAU;4;LightGBM
01/10/2025;IMPERATRIZ;6;LightGBM
02/10/2025;IMPERATRIZ;6;LightGBM
03/10/2025;IMPERATRIZ;6;LightGBM
06/10/2025;IMPERATRIZ;5;LightGBM
07/10/2025;IMPERATRIZ;6;LightGBM
08/10/2025;IMPERATRIZ;6;LightGBM
09/10/2025;IMPERATRIZ;6;LightGBM
10/10/2025;IMPERATRIZ;6;LightGBM
13/10/2025;IMPERATRIZ;5;LightGBM
14/10/2025;IMPERATRIZ;6;LightGBM
15/10/2025;IMPERATRIZ;6;LightGBM
16/10/2025;IMPERATRIZ;6;LightGBM
17/10/2025;IMPERATRIZ;6;LightGBM
20/10/2025;IMPERATRIZ;5;LightGBM
21/10/2025;IMPERATRIZ;6;LightGBM
22/10/2025;IMPERATRIZ;6;LightGBM
23/10/2025;IMPERATRIZ;6;LightGBM
24/10/2025;IMPERATRIZ;6;LightGBM
27/10/2025;IMPERATRIZ;6;LightGBM
28/10/2025;IMPERATRIZ;6;LightGBM
29/10/2025;IMPERATRIZ;6;LightGBM
30/10/2025;IMPERATRIZ;6;LightGBM
31/10/2025;IMPERATRIZ;6;LightGBM
03/11/2025;IMPERATRIZ;6;LightGBM
04/11/2025;IMPERATRIZ;6;LightGBM
05/11/2025;IMPERATRIZ;6;LightGBM
06/11/2025;IMPERATRIZ;6;LightGBM
07/11/2025;IMPERATRIZ;6;LightGBM
10/11/2025;IMPERATRIZ;6;LightGBM
11/11/2025;IMPERATRIZ;6;LightGBM
12/11/2025;IMPERATRIZ;6;LightGBM
01/10/2025;ITAPECURU-MIRIM;72;ExtraTrees
02/10/2025;ITAPECURU-MIRIM;72;ExtraTrees
03/10/2025;ITAPECURU-MIRIM;68;ExtraTrees
06/10/2025;ITAPECURU-MIRIM;81;ExtraTrees
07/10/2025;ITAPECURU-MIRIM;84;ExtraTrees
08/10/2025;ITAPECURU-MIRIM;67;ExtraTrees
09/10/2025;ITAPECURU-MIRIM;66;ExtraTrees
10/10/2025;ITAPECURU-MIRIM;66;ExtraTrees
13/10/2025;ITAPECURU-MIRIM;77;ExtraTrees
14/10/2025;ITAPECURU-MIRIM;84;ExtraTrees
15/10/2025;ITAPECURU-MIRIM;70;ExtraTrees
16/10/2025;ITAPECURU-MIRIM;66;ExtraTrees
17/10/2025;ITAPECURU-MIRIM;66;ExtraTrees
20/10/2025;ITAPECURU-MIRIM;80;ExtraTrees
21/10/2025;ITAPECURU-MIRIM;84;ExtraTrees
22/10/2025;ITAPECURU-MIRIM;74;ExtraTrees
23/10/2025;ITAPECURU-MIRIM;68;ExtraTrees
24/10/2025;ITAPECURU-MIRIM;68;ExtraTrees
27/10/2025;ITAPECURU-MIRIM;82;ExtraTrees
28/10/2025;ITAPECURU-MIRIM;86;ExtraTrees
29/10/2025;ITAPECURU-MIRIM;74;ExtraTrees
30/10/2025;ITAPECURU-MIRIM;76;ExtraTrees
31/10/2025;ITAPECURU-MIRIM;78;ExtraTrees
03/11/2025;ITAPECURU-MIRIM;91;ExtraTrees
04/11/2025;ITAPECURU-MIRIM;86;ExtraTrees
05/11/2025;ITAPECURU-MIRIM;73;ExtraTrees
06/11/2025;ITAPECURU-MIRIM;72;ExtraTrees
07/11/2025;ITAPECURU-MIRIM;72;ExtraTrees
10/11/2025;ITAPECURU-MIRIM;93;ExtraTrees
11/11/2025;ITAPECURU-MIRIM;82;ExtraTrees
12/11/2025;ITAPECURU-MIRIM;73;ExtraTrees
01/10/2025;ITINGA DO MARANHAO;16;ExtraTrees
02/10/2025;ITINGA DO MARANHAO;15;ExtraTrees
03/10/2025;ITINGA DO MARANHAO;12;ExtraTrees
06/10/2025;ITINGA DO MARANHAO;20;ExtraTrees
07/10/2025;ITINGA DO MARANHAO;17;ExtraTrees
08/10/2025;ITINGA DO MARANHAO;16;ExtraTrees
09/10/2025;ITINGA DO MARANHAO;14;ExtraTrees
10/10/2025;ITINGA DO MARANHAO;12;ExtraTrees
13/10/2025;ITINGA DO MARANHAO;20;ExtraTrees
14/10/2025;ITINGA DO MARANHAO;15;ExtraTrees
15/10/2025;ITINGA DO MARANHAO;15;ExtraTrees
16/10/2025;ITINGA DO MARANHAO;14;ExtraTrees
17/10/2025;ITINGA DO MARANHAO;11;ExtraTrees
20/10/2025;ITINGA DO MARANHAO;20;ExtraTrees
21/10/2025;ITINGA DO MARANHAO;15;ExtraTrees
22/10/2025;ITINGA DO MARANHAO;15;ExtraTrees
23/10/2025;ITINGA DO MARANHAO;14;ExtraTrees
24/10/2025;ITINGA DO MARANHAO;11;ExtraTrees
27/10/2025;ITINGA DO MARANHAO;22;ExtraTrees
28/10/2025;ITINGA DO MARANHAO;17;ExtraTrees
29/10/2025;ITINGA DO MARANHAO;18;ExtraTrees
30/10/2025;ITINGA DO MARANHAO;16;ExtraTrees
31/10/2025;ITINGA DO MARANHAO;14;ExtraTrees
03/11/2025;ITINGA DO MARANHAO;18;ExtraTrees
04/11/2025;ITINGA DO MARANHAO;16;ExtraTrees
05/11/2025;ITINGA DO MARANHAO;16;ExtraTrees
06/11/2025;ITINGA DO MARANHAO;15;ExtraTrees
07/11/2025;ITINGA DO MARANHAO;13;ExtraTrees
10/11/2025;ITINGA DO MARANHAO;16;ExtraTrees
11/11/2025;ITINGA DO MARANHAO;14;ExtraTrees
12/11/2025;ITINGA DO MARANHAO;13;ExtraTrees
01/10/2025;JOAO LISBOA;26;RandomForest
02/10/2025;JOAO LISBOA;29;RandomForest
03/10/2025;JOAO LISBOA;28;RandomForest
06/10/2025;JOAO LISBOA;25;RandomForest
07/10/2025;JOAO LISBOA;30;RandomForest
08/10/2025;JOAO LISBOA;28;RandomForest
09/10/2025;JOAO LISBOA;26;RandomForest
10/10/2025;JOAO LISBOA;26;RandomForest
13/10/2025;JOAO LISBOA;28;RandomForest
14/10/2025;JOAO LISBOA;28;RandomForest
15/10/2025;JOAO LISBOA;25;RandomForest
16/10/2025;JOAO LISBOA;25;RandomForest
17/10/2025;JOAO LISBOA;25;RandomForest
20/10/2025;JOAO LISBOA;28;RandomForest
21/10/2025;JOAO LISBOA;28;RandomForest
22/10/2025;JOAO LISBOA;25;RandomForest
23/10/2025;JOAO LISBOA;25;RandomForest
24/10/2025;JOAO LISBOA;25;RandomForest
27/10/2025;JOAO LISBOA;32;RandomForest
28/10/2025;JOAO LISBOA;30;RandomForest
29/10/2025;JOAO LISBOA;32;RandomForest
30/10/2025;JOAO LISBOA;35;RandomForest
31/10/2025;JOAO LISBOA;34;RandomForest
03/11/2025;JOAO LISBOA;32;RandomForest
04/11/2025;JOAO LISBOA;31;RandomForest
05/11/2025;JOAO LISBOA;29;RandomForest
06/11/2025;JOAO LISBOA;24;RandomForest
07/11/2025;JOAO LISBOA;26;RandomForest
10/11/2025;JOAO LISBOA;28;RandomForest
11/11/2025;JOAO LISBOA;27;RandomForest
12/11/2025;JOAO LISBOA;25;RandomForest
01/10/2025;LAGO DA PEDRA;54;GradientBoosting
02/10/2025;LAGO DA PEDRA;53;GradientBoosting
03/10/2025;LAGO DA PEDRA;53;GradientBoosting
06/10/2025;LAGO DA PEDRA;57;GradientBoosting
07/10/2025;LAGO DA PEDRA;55;GradientBoosting
08/10/2025;LAGO DA PEDRA;51;GradientBoosting
09/10/2025;LAGO DA PEDRA;51;GradientBoosting
10/10/2025;LAGO DA PEDRA;51;GradientBoosting
13/10/2025;LAGO DA PEDRA;59;GradientBoosting
14/10/2025;LAGO DA PEDRA;55;GradientBoosting
15/10/2025;LAGO DA PEDRA;51;GradientBoosting
16/10/2025;LAGO DA PEDRA;51;GradientBoosting
17/10/2025;LAGO DA PEDRA;54;GradientBoosting
20/10/2025;LAGO DA PEDRA;64;GradientBoosting
21/10/2025;LAGO DA PEDRA;57;GradientBoosting
22/10/2025;LAGO DA PEDRA;53;GradientBoosting
23/10/2025;LAGO DA PEDRA;56;GradientBoosting
24/10/2025;LAGO DA PEDRA;55;GradientBoosting
27/10/2025;LAGO DA PEDRA;58;GradientBoosting
28/10/2025;LAGO DA PEDRA;62;GradientBoosting
29/10/2025;LAGO DA PEDRA;61;GradientBoosting
30/10/2025;LAGO DA PEDRA;58;GradientBoosting
31/10/2025;LAGO DA PEDRA;57;GradientBoosting
03/11/2025;LAGO DA PEDRA;57;GradientBoosting
04/11/2025;LAGO DA PEDRA;55;GradientBoosting
05/11/2025;LAGO DA PEDRA;49;GradientBoosting
06/11/2025;LAGO DA PEDRA;48;GradientBoosting
07/11/2025;LAGO DA PEDRA;47;GradientBoosting
10/11/2025;LAGO DA PEDRA;56;GradientBoosting
11/11/2025;LAGO DA PEDRA;55;GradientBoosting
12/11/2025;LAGO DA PEDRA;51;GradientBoosting
01/10/2025;MAIOBAO;98;RandomForest
02/10/2025;MAIOBAO;96;RandomForest
03/10/2025;MAIOBAO;106;RandomForest
06/10/2025;MAIOBAO;140;RandomForest
07/10/2025;MAIOBAO;125;RandomForest
08/10/2025;MAIOBAO;113;RandomForest
09/10/2025;MAIOBAO;115;RandomForest
10/10/2025;MAIOBAO;116;RandomForest
13/10/2025;MAIOBAO;141;RandomForest
14/10/2025;MAIOBAO;129;RandomForest
15/10/2025;MAIOBAO;117;RandomForest
16/10/2025;MAIOBAO;114;RandomForest
17/10/2025;MAIOBAO;111;RandomForest
20/10/2025;MAIOBAO;133;RandomForest
21/10/2025;MAIOBAO;128;RandomForest
22/10/2025;MAIOBAO;120;RandomForest
23/10/2025;MAIOBAO;117;RandomForest
24/10/2025;MAIOBAO;114;RandomForest
27/10/2025;MAIOBAO;135;RandomForest
28/10/2025;MAIOBAO;125;RandomForest
29/10/2025;MAIOBAO;116;RandomForest
30/10/2025;MAIOBAO;111;RandomForest
31/10/2025;MAIOBAO;104;RandomForest
03/11/2025;MAIOBAO;138;RandomForest
04/11/2025;MAIOBAO;126;RandomForest
05/11/2025;MAIOBAO;113;RandomForest
06/11/2025;MAIOBAO;110;RandomForest
07/11/2025;MAIOBAO;110;RandomForest
10/11/2025;MAIOBAO;141;RandomForest
11/11/2025;MAIOBAO;128;RandomForest
12/11/2025;MAIOBAO;118;RandomForest
01/10/2025;MATOES;4;LightGBM
02/10/2025;MATOES;4;LightGBM
03/10/2025;MATOES;4;LightGBM
06/10/2025;MATOES;4;LightGBM
07/10/2025;MATOES;4;LightGBM
08/10/2025;MATOES;4;LightGBM
09/10/2025;MATOES;3;LightGBM
10/10/2025;MATOES;3;LightGBM
13/10/2025;MATOES;3;LightGBM
14/10/2025;MATOES;3;LightGBM
15/10/2025;MATOES;3;LightGBM
16/10/2025;MATOES;4;LightGBM
17/10/2025;MATOES;3;LightGBM
20/10/2025;MATOES;3;LightGBM
21/10/2025;MATOES;4;LightGBM
22/10/2025;MATOES;4;LightGBM
23/10/2025;MATOES;4;LightGBM
24/10/2025;MATOES;3;LightGBM
27/10/2025;MATOES;4;LightGBM
28/10/2025;MATOES;4;LightGBM
29/10/2025;MATOES;4;LightGBM
30/10/2025;MATOES;4;LightGBM
31/10/2025;MATOES;4;LightGBM
03/11/2025;MATOES;4;LightGBM
04/11/2025;MATOES;4;LightGBM
05/11/2025;MATOES;4;LightGBM
06/11/2025;MATOES;4;LightGBM
07/11/2025;MATOES;3;LightGBM
10/11/2025;MATOES;3;LightGBM
11/11/2025;MATOES;3;LightGBM
12/11/2025;MATOES;3;LightGBM
01/10/2025;PARNARAMA;34;GradientBoosting
02/10/2025;PARNARAMA;28;GradientBoosting
03/10/2025;PARNARAMA;27;GradientBoosting
06/10/2025;PARNARAMA;36;GradientBoosting
07/10/2025;PARNARAMA;31;GradientBoosting
08/10/2025;PARNARAMA;26;GradientBoosting
09/10/2025;PARNARAMA;21;GradientBoosting
10/10/2025;PARNARAMA;21;GradientBoosting
13/10/2025;PARNARAMA;29;GradientBoosting
14/10/2025;PARNARAMA;26;GradientBoosting
15/10/2025;PARNARAMA;24;GradientBoosting
16/10/2025;PARNARAMA;21;GradientBoosting
17/10/2025;PARNARAMA;19;GradientBoosting
20/10/2025;PARNARAMA;29;GradientBoosting
21/10/2025;PARNARAMA;27;GradientBoosting
22/10/2025;PARNARAMA;25;GradientBoosting
23/10/2025;PARNARAMA;19;GradientBoosting
24/10/2025;PARNARAMA;17;GradientBoosting
27/10/2025;PARNARAMA;28;GradientBoosting
28/10/2025;PARNARAMA;32;GradientBoosting
29/10/2025;PARNARAMA;32;GradientBoosting
30/10/2025;PARNARAMA;29;GradientBoosting
31/10/2025;PARNARAMA;26;GradientBoosting
03/11/2025;PARNARAMA;36;GradientBoosting
04/11/2025;PARNARAMA;30;GradientBoosting
05/11/2025;PARNARAMA;30;GradientBoosting
06/11/2025;PARNARAMA;29;GradientBoosting
07/11/2025;PARNARAMA;29;GradientBoosting
10/11/2025;PARNARAMA;35;GradientBoosting
11/11/2025;PARNARAMA;25;GradientBoosting
12/11/2025;PARNARAMA;25;GradientBoosting
01/10/2025;PASSAGEM FRANCA;3;LightGBM
02/10/2025;PASSAGEM FRANCA;3;LightGBM
03/10/2025;PASSAGEM FRANCA;3;LightGBM
06/10/2025;PASSAGEM FRANCA;3;LightGBM
07/10/2025;PASSAGEM FRANCA;3;LightGBM
08/10/2025;PASSAGEM FRANCA;3;LightGBM
09/10/2025;PASSAGEM FRANCA;3;LightGBM
10/10/2025;PASSAGEM FRANCA;3;LightGBM
13/10/2025;PASSAGEM FRANCA;3;LightGBM
14/10/2025;PASSAGEM FRANCA;3;LightGBM
15/10/2025;PASSAGEM FRANCA;3;LightGBM
16/10/2025;PASSAGEM FRANCA;3;LightGBM
17/10/2025;PASSAGEM FRANCA;3;LightGBM
20/10/2025;PASSAGEM FRANCA;3;LightGBM
21/10/2025;PASSAGEM FRANCA;3;LightGBM
22/10/2025;PASSAGEM FRANCA;3;LightGBM
23/10/2025;PASSAGEM FRANCA;3;LightGBM
24/10/2025;PASSAGEM FRANCA;3;LightGBM
27/10/2025;PASSAGEM FRANCA;3;LightGBM
28/10/2025;PASSAGEM FRANCA;3;LightGBM
29/10/2025;PASSAGEM FRANCA;3;LightGBM
30/10/2025;PASSAGEM FRANCA;3;LightGBM
31/10/2025;PASSAGEM FRANCA;3;LightGBM
03/11/2025;PASSAGEM FRANCA;3;LightGBM
04/11/2025;PASSAGEM FRANCA;3;LightGBM
05/11/2025;PASSAGEM FRANCA;3;LightGBM
06/11/2025;PASSAGEM FRANCA;3;LightGBM
07/11/2025;PASSAGEM FRANCA;3;LightGBM
10/11/2025;PASSAGEM FRANCA;3;LightGBM
11/11/2025;PASSAGEM FRANCA;3;LightGBM
12/11/2025;PASSAGEM FRANCA;3;LightGBM
01/10/2025;PEDREIRAS;75;GradientBoosting
02/10/2025;PEDREIRAS;70;GradientBoosting
03/10/2025;PEDREIRAS;66;GradientBoosting
06/10/2025;PEDREIRAS;90;GradientBoosting
07/10/2025;PEDREIRAS;78;GradientBoosting
08/10/2025;PEDREIRAS;75;GradientBoosting
09/10/2025;PEDREIRAS;76;GradientBoosting
10/10/2025;PEDREIRAS;68;GradientBoosting
13/10/2025;PEDREIRAS;87;GradientBoosting
14/10/2025;PEDREIRAS;78;GradientBoosting
15/10/2025;PEDREIRAS;75;GradientBoosting
16/10/2025;PEDREIRAS;68;GradientBoosting
17/10/2025;PEDREIRAS;61;GradientBoosting
20/10/2025;PEDREIRAS;86;GradientBoosting
21/10/2025;PEDREIRAS;75;GradientBoosting
22/10/2025;PEDREIRAS;70;GradientBoosting
23/10/2025;PEDREIRAS;75;GradientBoosting
24/10/2025;PEDREIRAS;70;GradientBoosting
27/10/2025;PEDREIRAS;88;GradientBoosting
28/10/2025;PEDREIRAS;78;GradientBoosting
29/10/2025;PEDREIRAS;77;GradientBoosting
30/10/2025;PEDREIRAS;78;GradientBoosting
31/10/2025;PEDREIRAS;75;GradientBoosting
03/11/2025;PEDREIRAS;96;GradientBoosting
04/11/2025;PEDREIRAS;77;GradientBoosting
05/11/2025;PEDREIRAS;71;GradientBoosting
06/11/2025;PEDREIRAS;73;GradientBoosting
07/11/2025;PEDREIRAS;67;GradientBoosting
10/11/2025;PEDREIRAS;93;GradientBoosting
11/11/2025;PEDREIRAS;73;GradientBoosting
12/11/2025;PEDREIRAS;69;GradientBoosting
01/10/2025;PINHEIRO;110;RandomForest
02/10/2025;PINHEIRO;105;RandomForest
03/10/2025;PINHEIRO;102;RandomForest
06/10/2025;PINHEIRO;113;RandomForest
07/10/2025;PINHEIRO;107;RandomForest
08/10/2025;PINHEIRO;103;RandomForest
09/10/2025;PINHEIRO;94;RandomForest
10/10/2025;PINHEIRO;84;RandomForest
13/10/2025;PINHEIRO;108;RandomForest
14/10/2025;PINHEIRO;107;RandomForest
15/10/2025;PINHEIRO;91;RandomForest
16/10/2025;PINHEIRO;89;RandomForest
17/10/2025;PINHEIRO;88;RandomForest
20/10/2025;PINHEIRO;108;RandomForest
21/10/2025;PINHEIRO;99;RandomForest
22/10/2025;PINHEIRO;92;RandomForest
23/10/2025;PINHEIRO;89;RandomForest
24/10/2025;PINHEIRO;91;RandomForest
27/10/2025;PINHEIRO;114;RandomForest
28/10/2025;PINHEIRO;100;RandomForest
29/10/2025;PINHEIRO;91;RandomForest
30/10/2025;PINHEIRO;90;RandomForest
31/10/2025;PINHEIRO;90;RandomForest
03/11/2025;PINHEIRO;118;RandomForest
04/11/2025;PINHEIRO;100;RandomForest
05/11/2025;PINHEIRO;93;RandomForest
06/11/2025;PINHEIRO;97;RandomForest
07/11/2025;PINHEIRO;97;RandomForest
10/11/2025;PINHEIRO;114;RandomForest
11/11/2025;PINHEIRO;102;RandomForest
12/11/2025;PINHEIRO;87;RandomForest
01/10/2025;PORTO FRANCO;4;LightGBM
02/10/2025;PORTO FRANCO;4;LightGBM
03/10/2025;PORTO FRANCO;4;LightGBM
06/10/2025;PORTO FRANCO;4;LightGBM
07/10/2025;PORTO FRANCO;4;LightGBM
08/10/2025;PORTO FRANCO;4;LightGBM
09/10/2025;PORTO FRANCO;4;LightGBM
10/10/2025;PORTO FRANCO;4;LightGBM
13/10/2025;PORTO FRANCO;4;LightGBM
14/10/2025;PORTO FRANCO;4;LightGBM
15/10/2025;PORTO FRANCO;4;LightGBM
16/10/2025;PORTO FRANCO;4;LightGBM
17/10/2025;PORTO FRANCO;4;LightGBM
20/10/2025;PORTO FRANCO;4;LightGBM
21/10/2025;PORTO FRANCO;4;LightGBM
22/10/2025;PORTO FRANCO;4;LightGBM
23/10/2025;PORTO FRANCO;4;LightGBM
24/10/2025;PORTO FRANCO;4;LightGBM
27/10/2025;PORTO FRANCO;4;LightGBM
28/10/2025;PORTO FRANCO;4;LightGBM
29/10/2025;PORTO FRANCO;4;LightGBM
30/10/2025;PORTO FRANCO;4;LightGBM
31/10/2025;PORTO FRANCO;4;LightGBM
03/11/2025;PORTO FRANCO;4;LightGBM
04/11/2025;PORTO FRANCO;4;LightGBM
05/11/2025;PORTO FRANCO;4;LightGBM
06/11/2025;PORTO FRANCO;4;LightGBM
07/11/2025;PORTO FRANCO;4;LightGBM
10/11/2025;PORTO FRANCO;4;LightGBM
11/11/2025;PORTO FRANCO;4;LightGBM
12/11/2025;PORTO FRANCO;4;LightGBM
01/10/2025;PRESIDENTE DUTRA;61;ExtraTrees
02/10/2025;PRESIDENTE DUTRA;55;ExtraTrees
03/10/2025;PRESIDENTE DUTRA;55;ExtraTrees
06/10/2025;PRESIDENTE DUTRA;67;ExtraTrees
07/10/2025;PRESIDENTE DUTRA;69;ExtraTrees
08/10/2025;PRESIDENTE DUTRA;61;ExtraTrees
09/10/2025;PRESIDENTE DUTRA;53;ExtraTrees
10/10/2025;PRESIDENTE DUTRA;54;ExtraTrees
13/10/2025;PRESIDENTE DUTRA;65;ExtraTrees
14/10/2025;PRESIDENTE DUTRA;70;ExtraTrees
15/10/2025;PRESIDENTE DUTRA;61;ExtraTrees
16/10/2025;PRESIDENTE DUTRA;53;ExtraTrees
17/10/2025;PRESIDENTE DUTRA;55;ExtraTrees
20/10/2025;PRESIDENTE DUTRA;63;ExtraTrees
21/10/2025;PRESIDENTE DUTRA;71;ExtraTrees
22/10/2025;PRESIDENTE DUTRA;62;ExtraTrees
23/10/2025;PRESIDENTE DUTRA;53;ExtraTrees
24/10/2025;PRESIDENTE DUTRA;55;ExtraTrees
27/10/2025;PRESIDENTE DUTRA;61;ExtraTrees
28/10/2025;PRESIDENTE DUTRA;69;ExtraTrees
29/10/2025;PRESIDENTE DUTRA;63;ExtraTrees
30/10/2025;PRESIDENTE DUTRA;54;ExtraTrees
31/10/2025;PRESIDENTE DUTRA;54;ExtraTrees
03/11/2025;PRESIDENTE DUTRA;64;ExtraTrees
04/11/2025;PRESIDENTE DUTRA;66;ExtraTrees
05/11/2025;PRESIDENTE DUTRA;64;ExtraTrees
06/11/2025;PRESIDENTE DUTRA;59;ExtraTrees
07/11/2025;PRESIDENTE DUTRA;54;ExtraTrees
10/11/2025;PRESIDENTE DUTRA;63;ExtraTrees
11/11/2025;PRESIDENTE DUTRA;65;ExtraTrees
12/11/2025;PRESIDENTE DUTRA;63;ExtraTrees
01/10/2025;PROCON BALSAS;6;RandomForest
02/10/2025;PROCON BALSAS;6;RandomForest
03/10/2025;PROCON BALSAS;6;RandomForest
06/10/2025;PROCON BALSAS;6;RandomForest
07/10/2025;PROCON BALSAS;5;RandomForest
08/10/2025;PROCON BALSAS;5;RandomForest
09/10/2025;PROCON BALSAS;5;RandomForest
10/10/2025;PROCON BALSAS;5;RandomForest
13/10/2025;PROCON BALSAS;5;RandomForest
14/10/2025;PROCON BALSAS;5;RandomForest
15/10/2025;PROCON BALSAS;5;RandomForest
16/10/2025;PROCON BALSAS;5;RandomForest
17/10/2025;PROCON BALSAS;5;RandomForest
20/10/2025;PROCON BALSAS;5;RandomForest
21/10/2025;PROCON BALSAS;5;RandomForest
22/10/2025;PROCON BALSAS;4;RandomForest
23/10/2025;PROCON BALSAS;5;RandomForest
24/10/2025;PROCON BALSAS;4;RandomForest
27/10/2025;PROCON BALSAS;5;RandomForest
28/10/2025;PROCON BALSAS;4;RandomForest
29/10/2025;PROCON BALSAS;4;RandomForest
30/10/2025;PROCON BALSAS;4;RandomForest
31/10/2025;PROCON BALSAS;4;RandomForest
03/11/2025;PROCON BALSAS;4;RandomForest
04/11/2025;PROCON BALSAS;4;RandomForest
05/11/2025;PROCON BALSAS;4;RandomForest
06/11/2025;PROCON BALSAS;4;RandomForest
07/11/2025;PROCON BALSAS;3;RandomForest
10/11/2025;PROCON BALSAS;5;RandomForest
11/11/2025;PROCON BALSAS;4;RandomForest
12/11/2025;PROCON BALSAS;4;RandomForest
01/10/2025;RAPOSA;33;RandomForest
02/10/2025;RAPOSA;31;RandomForest
03/10/2025;RAPOSA;27;RandomForest
06/10/2025;RAPOSA;48;RandomForest
07/10/2025;RAPOSA;32;RandomForest
08/10/2025;RAPOSA;32;RandomForest
09/10/2025;RAPOSA;31;RandomForest
10/10/2025;RAPOSA;28;RandomForest
13/10/2025;RAPOSA;38;RandomForest
14/10/2025;RAPOSA;32;RandomForest
15/10/2025;RAPOSA;32;RandomForest
16/10/2025;RAPOSA;32;RandomForest
17/10/2025;RAPOSA;29;RandomForest
20/10/2025;RAPOSA;49;RandomForest
21/10/2025;RAPOSA;32;RandomForest
22/10/2025;RAPOSA;31;RandomForest
23/10/2025;RAPOSA;31;RandomForest
24/10/2025;RAPOSA;28;RandomForest
27/10/2025;RAPOSA;34;RandomForest
28/10/2025;RAPOSA;34;RandomForest
29/10/2025;RAPOSA;33;RandomForest
30/10/2025;RAPOSA;34;RandomForest
31/10/2025;RAPOSA;31;RandomForest
03/11/2025;RAPOSA;50;RandomForest
04/11/2025;RAPOSA;32;RandomForest
05/11/2025;RAPOSA;31;RandomForest
06/11/2025;RAPOSA;31;RandomForest
07/11/2025;RAPOSA;28;RandomForest
10/11/2025;RAPOSA;35;RandomForest
11/11/2025;RAPOSA;34;RandomForest
12/11/2025;RAPOSA;33;RandomForest
01/10/2025;RIACHAO;28;GradientBoosting
02/10/2025;RIACHAO;29;GradientBoosting
03/10/2025;RIACHAO;31;GradientBoosting
06/10/2025;RIACHAO;34;GradientBoosting
07/10/2025;RIACHAO;28;GradientBoosting
08/10/2025;RIACHAO;29;GradientBoosting
09/10/2025;RIACHAO;29;GradientBoosting
10/10/2025;RIACHAO;27;GradientBoosting
13/10/2025;RIACHAO;33;GradientBoosting
14/10/2025;RIACHAO;29;GradientBoosting
15/10/2025;RIACHAO;27;GradientBoosting
16/10/2025;RIACHAO;27;GradientBoosting
17/10/2025;RIACHAO;27;GradientBoosting
20/10/2025;RIACHAO;35;GradientBoosting
21/10/2025;RIACHAO;29;GradientBoosting
22/10/2025;RIACHAO;27;GradientBoosting
23/10/2025;RIACHAO;30;GradientBoosting
24/10/2025;RIACHAO;29;GradientBoosting
27/10/2025;RIACHAO;33;GradientBoosting
28/10/2025;RIACHAO;34;GradientBoosting
29/10/2025;RIACHAO;34;GradientBoosting
30/10/2025;RIACHAO;37;GradientBoosting
31/10/2025;RIACHAO;36;GradientBoosting
03/11/2025;RIACHAO;34;GradientBoosting
04/11/2025;RIACHAO;35;GradientBoosting
05/11/2025;RIACHAO;34;GradientBoosting
06/11/2025;RIACHAO;34;GradientBoosting
07/11/2025;RIACHAO;35;GradientBoosting
10/11/2025;RIACHAO;40;GradientBoosting
11/11/2025;RIACHAO;37;GradientBoosting
12/11/2025;RIACHAO;35;GradientBoosting
01/10/2025;RIO ANIL SHOPPING;197;RandomForest
02/10/2025;RIO ANIL SHOPPING;205;RandomForest
03/10/2025;RIO ANIL SHOPPING;199;RandomForest
06/10/2025;RIO ANIL SHOPPING;237;RandomForest
07/10/2025;RIO ANIL SHOPPING;221;RandomForest
08/10/2025;RIO ANIL SHOPPING;205;RandomForest
09/10/2025;RIO ANIL SHOPPING;206;RandomForest
10/10/2025;RIO ANIL SHOPPING;185;RandomForest
13/10/2025;RIO ANIL SHOPPING;241;RandomForest
14/10/2025;RIO ANIL SHOPPING;210;RandomForest
15/10/2025;RIO ANIL SHOPPING;193;RandomForest
16/10/2025;RIO ANIL SHOPPING;182;RandomForest
17/10/2025;RIO ANIL SHOPPING;193;RandomForest
20/10/2025;RIO ANIL SHOPPING;244;RandomForest
21/10/2025;RIO ANIL SHOPPING;223;RandomForest
22/10/2025;RIO ANIL SHOPPING;215;RandomForest
23/10/2025;RIO ANIL SHOPPING;212;RandomForest
24/10/2025;RIO ANIL SHOPPING;203;RandomForest
27/10/2025;RIO ANIL SHOPPING;247;RandomForest
28/10/2025;RIO ANIL SHOPPING;226;RandomForest
29/10/2025;RIO ANIL SHOPPING;208;RandomForest
30/10/2025;RIO ANIL SHOPPING;203;RandomForest
31/10/2025;RIO ANIL SHOPPING;199;RandomForest
03/11/2025;RIO ANIL SHOPPING;245;RandomForest
04/11/2025;RIO ANIL SHOPPING;231;RandomForest
05/11/2025;RIO ANIL SHOPPING;215;RandomForest
06/11/2025;RIO ANIL SHOPPING;213;RandomForest
07/11/2025;RIO ANIL SHOPPING;203;RandomForest
10/11/2025;RIO ANIL SHOPPING;249;RandomForest
11/11/2025;RIO ANIL SHOPPING;236;RandomForest
12/11/2025;RIO ANIL SHOPPING;221;RandomForest
01/10/2025;ROSARIO;71;ExtraTrees
02/10/2025;ROSARIO;67;ExtraTrees
03/10/2025;ROSARIO;63;ExtraTrees
06/10/2025;ROSARIO;86;ExtraTrees
07/10/2025;ROSARIO;83;ExtraTrees
08/10/2025;ROSARIO;70;ExtraTrees
09/10/2025;ROSARIO;61;ExtraTrees
10/10/2025;ROSARIO;58;ExtraTrees
13/10/2025;ROSARIO;83;ExtraTrees
14/10/2025;ROSARIO;77;ExtraTrees
15/10/2025;ROSARIO;69;ExtraTrees
16/10/2025;ROSARIO;58;ExtraTrees
17/10/2025;ROSARIO;59;ExtraTrees
20/10/2025;ROSARIO;77;ExtraTrees
21/10/2025;ROSARIO;74;ExtraTrees
22/10/2025;ROSARIO;68;ExtraTrees
23/10/2025;ROSARIO;65;ExtraTrees
24/10/2025;ROSARIO;67;ExtraTrees
27/10/2025;ROSARIO;79;ExtraTrees
28/10/2025;ROSARIO;76;ExtraTrees
29/10/2025;ROSARIO;70;ExtraTrees
30/10/2025;ROSARIO;66;ExtraTrees
31/10/2025;ROSARIO;66;ExtraTrees
03/11/2025;ROSARIO;95;ExtraTrees
04/11/2025;ROSARIO;84;ExtraTrees
05/11/2025;ROSARIO;69;ExtraTrees
06/11/2025;ROSARIO;63;ExtraTrees
07/11/2025;ROSARIO;59;ExtraTrees
10/11/2025;ROSARIO;90;ExtraTrees
11/11/2025;ROSARIO;77;ExtraTrees
12/11/2025;ROSARIO;67;ExtraTrees
01/10/2025;SANTA HELENA;25;RandomForest
02/10/2025;SANTA HELENA;22;RandomForest
03/10/2025;SANTA HELENA;20;RandomForest
06/10/2025;SANTA HELENA;27;RandomForest
07/10/2025;SANTA HELENA;22;RandomForest
08/10/2025;SANTA HELENA;22;RandomForest
09/10/2025;SANTA HELENA;20;RandomForest
10/10/2025;SANTA HELENA;20;RandomForest
13/10/2025;SANTA HELENA;26;RandomForest
14/10/2025;SANTA HELENA;24;RandomForest
15/10/2025;SANTA HELENA;22;RandomForest
16/10/2025;SANTA HELENA;21;RandomForest
17/10/2025;SANTA HELENA;21;RandomForest
20/10/2025;SANTA HELENA;26;RandomForest
21/10/2025;SANTA HELENA;23;RandomForest
22/10/2025;SANTA HELENA;23;RandomForest
23/10/2025;SANTA HELENA;22;RandomForest
24/10/2025;SANTA HELENA;22;RandomForest
27/10/2025;SANTA HELENA;24;RandomForest
28/10/2025;SANTA HELENA;24;RandomForest
29/10/2025;SANTA HELENA;23;RandomForest
30/10/2025;SANTA HELENA;23;RandomForest
31/10/2025;SANTA HELENA;23;RandomForest
03/11/2025;SANTA HELENA;28;RandomForest
04/11/2025;SANTA HELENA;23;RandomForest
05/11/2025;SANTA HELENA;23;RandomForest
06/11/2025;SANTA HELENA;21;RandomForest
07/11/2025;SANTA HELENA;21;RandomForest
10/11/2025;SANTA HELENA;27;RandomForest
11/11/2025;SANTA HELENA;23;RandomForest
12/11/2025;SANTA HELENA;23;RandomForest
01/10/2025;SANTA INES;115;RandomForest
02/10/2025;SANTA INES;104;RandomForest
03/10/2025;SANTA INES;98;RandomForest
06/10/2025;SANTA INES;121;RandomForest
07/10/2025;SANTA INES;121;RandomForest
08/10/2025;SANTA INES;109;RandomForest
09/10/2025;SANTA INES;93;RandomForest
10/10/2025;SANTA INES;97;RandomForest
13/10/2025;SANTA INES;117;RandomForest
14/10/2025;SANTA INES;117;RandomForest
15/10/2025;SANTA INES;114;RandomForest
16/10/2025;SANTA INES;107;RandomForest
17/10/2025;SANTA INES;99;RandomForest
20/10/2025;SANTA INES;102;RandomForest
21/10/2025;SANTA INES;101;RandomForest
22/10/2025;SANTA INES;102;RandomForest
23/10/2025;SANTA INES;105;RandomForest
24/10/2025;SANTA INES;101;RandomForest
27/10/2025;SANTA INES;118;RandomForest
28/10/2025;SANTA INES;125;RandomForest
29/10/2025;SANTA INES;119;RandomForest
30/10/2025;SANTA INES;114;RandomForest
31/10/2025;SANTA INES;106;RandomForest
03/11/2025;SANTA INES;102;RandomForest
04/11/2025;SANTA INES;99;RandomForest
05/11/2025;SANTA INES;99;RandomForest
06/11/2025;SANTA INES;106;RandomForest
07/11/2025;SANTA INES;99;RandomForest
10/11/2025;SANTA INES;103;RandomForest
11/11/2025;SANTA INES;103;RandomForest
12/11/2025;SANTA INES;104;RandomForest
01/10/2025;SANTA LUZIA;48;GradientBoosting
02/10/2025;SANTA LUZIA;46;GradientBoosting
03/10/2025;SANTA LUZIA;43;GradientBoosting
06/10/2025;SANTA LUZIA;48;GradientBoosting
07/10/2025;SANTA LUZIA;44;GradientBoosting
08/10/2025;SANTA LUZIA;42;GradientBoosting
09/10/2025;SANTA LUZIA;41;GradientBoosting
10/10/2025;SANTA LUZIA;39;GradientBoosting
13/10/2025;SANTA LUZIA;40;GradientBoosting
14/10/2025;SANTA LUZIA;38;GradientBoosting
15/10/2025;SANTA LUZIA;36;GradientBoosting
16/10/2025;SANTA LUZIA;36;GradientBoosting
17/10/2025;SANTA LUZIA;34;GradientBoosting
20/10/2025;SANTA LUZIA;39;GradientBoosting
21/10/2025;SANTA LUZIA;38;GradientBoosting
22/10/2025;SANTA LUZIA;36;GradientBoosting
23/10/2025;SANTA LUZIA;36;GradientBoosting
24/10/2025;SANTA LUZIA;34;GradientBoosting
27/10/2025;SANTA LUZIA;38;GradientBoosting
28/10/2025;SANTA LUZIA;38;GradientBoosting
29/10/2025;SANTA LUZIA;36;GradientBoosting
30/10/2025;SANTA LUZIA;32;GradientBoosting
31/10/2025;SANTA LUZIA;40;GradientBoosting
03/11/2025;SANTA LUZIA;42;GradientBoosting
04/11/2025;SANTA LUZIA;41;GradientBoosting
05/11/2025;SANTA LUZIA;37;GradientBoosting
06/11/2025;SANTA LUZIA;38;GradientBoosting
07/11/2025;SANTA LUZIA;32;GradientBoosting
10/11/2025;SANTA LUZIA;38;GradientBoosting
11/11/2025;SANTA LUZIA;38;GradientBoosting
12/11/2025;SANTA LUZIA;37;GradientBoosting
01/10/2025;SANTA RITA;39;RandomForest
02/10/2025;SANTA RITA;36;RandomForest
03/10/2025;SANTA RITA;30;RandomForest
06/10/2025;SANTA RITA;31;RandomForest
07/10/2025;SANTA RITA;31;RandomForest
08/10/2025;SANTA RITA;35;RandomForest
09/10/2025;SANTA RITA;33;RandomForest
10/10/2025;SANTA RITA;33;RandomForest
13/10/2025;SANTA RITA;35;RandomForest
14/10/2025;SANTA RITA;36;RandomForest
15/10/2025;SANTA RITA;33;RandomForest
16/10/2025;SANTA RITA;34;RandomForest
17/10/2025;SANTA RITA;33;RandomForest
20/10/2025;SANTA RITA;35;RandomForest
21/10/2025;SANTA RITA;36;RandomForest
22/10/2025;SANTA RITA;35;RandomForest
23/10/2025;SANTA RITA;34;RandomForest
24/10/2025;SANTA RITA;33;RandomForest
27/10/2025;SANTA RITA;36;RandomForest
28/10/2025;SANTA RITA;35;RandomForest
29/10/2025;SANTA RITA;34;RandomForest
30/10/2025;SANTA RITA;33;RandomForest
31/10/2025;SANTA RITA;34;RandomForest
03/11/2025;SANTA RITA;37;RandomForest
04/11/2025;SANTA RITA;33;RandomForest
05/11/2025;SANTA RITA;34;RandomForest
06/11/2025;SANTA RITA;33;RandomForest
07/11/2025;SANTA RITA;32;RandomForest
10/11/2025;SANTA RITA;35;RandomForest
11/11/2025;SANTA RITA;35;RandomForest
12/11/2025;SANTA RITA;35;RandomForest
01/10/2025;SAO BERNARDO;18;RandomForest
02/10/2025;SAO BERNARDO;19;RandomForest
03/10/2025;SAO BERNARDO;19;RandomForest
06/10/2025;SAO BERNARDO;20;RandomForest
07/10/2025;SAO BERNARDO;19;RandomForest
08/10/2025;SAO BERNARDO;20;RandomForest
09/10/2025;SAO BERNARDO;20;RandomForest
10/10/2025;SAO BERNARDO;20;RandomForest
13/10/2025;SAO BERNARDO;19;RandomForest
14/10/2025;SAO BERNARDO;19;RandomForest
15/10/2025;SAO BERNARDO;20;RandomForest
16/10/2025;SAO BERNARDO;20;RandomForest
17/10/2025;SAO BERNARDO;20;RandomForest
20/10/2025;SAO BERNARDO;19;RandomForest
21/10/2025;SAO BERNARDO;19;RandomForest
22/10/2025;SAO BERNARDO;19;RandomForest
23/10/2025;SAO BERNARDO;19;RandomForest
24/10/2025;SAO BERNARDO;20;RandomForest
27/10/2025;SAO BERNARDO;20;RandomForest
28/10/2025;SAO BERNARDO;19;RandomForest
29/10/2025;SAO BERNARDO;19;RandomForest
30/10/2025;SAO BERNARDO;18;RandomForest
31/10/2025;SAO BERNARDO;17;RandomForest
03/11/2025;SAO BERNARDO;19;RandomForest
04/11/2025;SAO BERNARDO;19;RandomForest
05/11/2025;SAO BERNARDO;19;RandomForest
06/11/2025;SAO BERNARDO;19;RandomForest
07/11/2025;SAO BERNARDO;20;RandomForest
10/11/2025;SAO BERNARDO;19;RandomForest
11/11/2025;SAO BERNARDO;19;RandomForest
12/11/2025;SAO BERNARDO;19;RandomForest
01/10/2025;SAO DOMINGOS DO MARANHAO;24;GradientBoosting
02/10/2025;SAO DOMINGOS DO MARANHAO;40;GradientBoosting
03/10/2025;SAO DOMINGOS DO MARANHAO;42;GradientBoosting
06/10/2025;SAO DOMINGOS DO MARANHAO;43;GradientBoosting
07/10/2025;SAO DOMINGOS DO MARANHAO;41;GradientBoosting
08/10/2025;SAO DOMINGOS DO MARANHAO;36;GradientBoosting
09/10/2025;SAO DOMINGOS DO MARANHAO;38;GradientBoosting
10/10/2025;SAO DOMINGOS DO MARANHAO;38;GradientBoosting
13/10/2025;SAO DOMINGOS DO MARANHAO;44;GradientBoosting
14/10/2025;SAO DOMINGOS DO MARANHAO;41;GradientBoosting
15/10/2025;SAO DOMINGOS DO MARANHAO;39;GradientBoosting
16/10/2025;SAO DOMINGOS DO MARANHAO;36;GradientBoosting
17/10/2025;SAO DOMINGOS DO MARANHAO;32;GradientBoosting
20/10/2025;SAO DOMINGOS DO MARANHAO;45;GradientBoosting
21/10/2025;SAO DOMINGOS DO MARANHAO;40;GradientBoosting
22/10/2025;SAO DOMINGOS DO MARANHAO;39;GradientBoosting
23/10/2025;SAO DOMINGOS DO MARANHAO;40;GradientBoosting
24/10/2025;SAO DOMINGOS DO MARANHAO;36;GradientBoosting
27/10/2025;SAO DOMINGOS DO MARANHAO;46;GradientBoosting
28/10/2025;SAO DOMINGOS DO MARANHAO;44;GradientBoosting
29/10/2025;SAO DOMINGOS DO MARANHAO;44;GradientBoosting
30/10/2025;SAO DOMINGOS DO MARANHAO;42;GradientBoosting
31/10/2025;SAO DOMINGOS DO MARANHAO;37;GradientBoosting
03/11/2025;SAO DOMINGOS DO MARANHAO;50;GradientBoosting
04/11/2025;SAO DOMINGOS DO MARANHAO;50;GradientBoosting
05/11/2025;SAO DOMINGOS DO MARANHAO;44;GradientBoosting
06/11/2025;SAO DOMINGOS DO MARANHAO;41;GradientBoosting
07/11/2025;SAO DOMINGOS DO MARANHAO;38;GradientBoosting
10/11/2025;SAO DOMINGOS DO MARANHAO;50;GradientBoosting
11/11/2025;SAO DOMINGOS DO MARANHAO;48;GradientBoosting
12/11/2025;SAO DOMINGOS DO MARANHAO;47;GradientBoosting
01/10/2025;SAO FRANCISCO DO MARANHAO;11;ExtraTrees
02/10/2025;SAO FRANCISCO DO MARANHAO;12;ExtraTrees
03/10/2025;SAO FRANCISCO DO MARANHAO;12;ExtraTrees
06/10/2025;SAO FRANCISCO DO MARANHAO;13;ExtraTrees
07/10/2025;SAO FRANCISCO DO MARANHAO;13;ExtraTrees
08/10/2025;SAO FRANCISCO DO MARANHAO;13;ExtraTrees
09/10/2025;SAO FRANCISCO DO MARANHAO;14;ExtraTrees
10/10/2025;SAO FRANCISCO DO MARANHAO;15;ExtraTrees
13/10/2025;SAO FRANCISCO DO MARANHAO;14;ExtraTrees
14/10/2025;SAO FRANCISCO DO MARANHAO;13;ExtraTrees
15/10/2025;SAO FRANCISCO DO MARANHAO;14;ExtraTrees
16/10/2025;SAO FRANCISCO DO MARANHAO;13;ExtraTrees
17/10/2025;SAO FRANCISCO DO MARANHAO;14;ExtraTrees
20/10/2025;SAO FRANCISCO DO MARANHAO;14;ExtraTrees
21/10/2025;SAO FRANCISCO DO MARANHAO;13;ExtraTrees
22/10/2025;SAO FRANCISCO DO MARANHAO;14;ExtraTrees
23/10/2025;SAO FRANCISCO DO MARANHAO;13;ExtraTrees
24/10/2025;SAO FRANCISCO DO MARANHAO;13;ExtraTrees
27/10/2025;SAO FRANCISCO DO MARANHAO;14;ExtraTrees
28/10/2025;SAO FRANCISCO DO MARANHAO;13;ExtraTrees
29/10/2025;SAO FRANCISCO DO MARANHAO;14;ExtraTrees
30/10/2025;SAO FRANCISCO DO MARANHAO;13;ExtraTrees
31/10/2025;SAO FRANCISCO DO MARANHAO;14;ExtraTrees
03/11/2025;SAO FRANCISCO DO MARANHAO;13;ExtraTrees
04/11/2025;SAO FRANCISCO DO MARANHAO;13;ExtraTrees
05/11/2025;SAO FRANCISCO DO MARANHAO;14;ExtraTrees
06/11/2025;SAO FRANCISCO DO MARANHAO;14;ExtraTrees
07/11/2025;SAO FRANCISCO DO MARANHAO;14;ExtraTrees
10/11/2025;SAO FRANCISCO DO MARANHAO;13;ExtraTrees
11/11/2025;SAO FRANCISCO DO MARANHAO;13;ExtraTrees
12/11/2025;SAO FRANCISCO DO MARANHAO;14;ExtraTrees
01/10/2025;SAO JOAO DOS PATOS;48;RandomForest
02/10/2025;SAO JOAO DOS PATOS;47;RandomForest
03/10/2025;SAO JOAO DOS PATOS;44;RandomForest
06/10/2025;SAO JOAO DOS PATOS;55;RandomForest
07/10/2025;SAO JOAO DOS PATOS;50;RandomForest
08/10/2025;SAO JOAO DOS PATOS;42;RandomForest
09/10/2025;SAO JOAO DOS PATOS;41;RandomForest
10/10/2025;SAO JOAO DOS PATOS;37;RandomForest
13/10/2025;SAO JOAO DOS PATOS;55;RandomForest
14/10/2025;SAO JOAO DOS PATOS;56;RandomForest
15/10/2025;SAO JOAO DOS PATOS;42;RandomForest
16/10/2025;SAO JOAO DOS PATOS;40;RandomForest
17/10/2025;SAO JOAO DOS PATOS;38;RandomForest
20/10/2025;SAO JOAO DOS PATOS;52;RandomForest
21/10/2025;SAO JOAO DOS PATOS;52;RandomForest
22/10/2025;SAO JOAO DOS PATOS;42;RandomForest
23/10/2025;SAO JOAO DOS PATOS;40;RandomForest
24/10/2025;SAO JOAO DOS PATOS;38;RandomForest
27/10/2025;SAO JOAO DOS PATOS;52;RandomForest
28/10/2025;SAO JOAO DOS PATOS;49;RandomForest
29/10/2025;SAO JOAO DOS PATOS;44;RandomForest
30/10/2025;SAO JOAO DOS PATOS;42;RandomForest
31/10/2025;SAO JOAO DOS PATOS;38;RandomForest
03/11/2025;SAO JOAO DOS PATOS;56;RandomForest
04/11/2025;SAO JOAO DOS PATOS;49;RandomForest
05/11/2025;SAO JOAO DOS PATOS;39;RandomForest
06/11/2025;SAO JOAO DOS PATOS;39;RandomForest
07/11/2025;SAO JOAO DOS PATOS;38;RandomForest
10/11/2025;SAO JOAO DOS PATOS;52;RandomForest
11/11/2025;SAO JOAO DOS PATOS;48;RandomForest
12/11/2025;SAO JOAO DOS PATOS;41;RandomForest
01/10/2025;SAO JOSE DE RIBAMAR;101;RandomForest
02/10/2025;SAO JOSE DE RIBAMAR;84;RandomForest
03/10/2025;SAO JOSE DE RIBAMAR;74;RandomForest
06/10/2025;SAO JOSE DE RIBAMAR;74;RandomForest
07/10/2025;SAO JOSE DE RIBAMAR;75;RandomForest
08/10/2025;SAO JOSE DE RIBAMAR;68;RandomForest
09/10/2025;SAO JOSE DE RIBAMAR;70;RandomForest
10/10/2025;SAO JOSE DE RIBAMAR;72;RandomForest
13/10/2025;SAO JOSE DE RIBAMAR;86;RandomForest
14/10/2025;SAO JOSE DE RIBAMAR;88;RandomForest
15/10/2025;SAO JOSE DE RIBAMAR;90;RandomForest
16/10/2025;SAO JOSE DE RIBAMAR;82;RandomForest
17/10/2025;SAO JOSE DE RIBAMAR;79;RandomForest
20/10/2025;SAO JOSE DE RIBAMAR;91;RandomForest
21/10/2025;SAO JOSE DE RIBAMAR;96;RandomForest
22/10/2025;SAO JOSE DE RIBAMAR;98;RandomForest
23/10/2025;SAO JOSE DE RIBAMAR;83;RandomForest
24/10/2025;SAO JOSE DE RIBAMAR;82;RandomForest
27/10/2025;SAO JOSE DE RIBAMAR;98;RandomForest
28/10/2025;SAO JOSE DE RIBAMAR;100;RandomForest
29/10/2025;SAO JOSE DE RIBAMAR;96;RandomForest
30/10/2025;SAO JOSE DE RIBAMAR;87;RandomForest
31/10/2025;SAO JOSE DE RIBAMAR;85;RandomForest
03/11/2025;SAO JOSE DE RIBAMAR;101;RandomForest
04/11/2025;SAO JOSE DE RIBAMAR;95;RandomForest
05/11/2025;SAO JOSE DE RIBAMAR;96;RandomForest
06/11/2025;SAO JOSE DE RIBAMAR;86;RandomForest
07/11/2025;SAO JOSE DE RIBAMAR;85;RandomForest
10/11/2025;SAO JOSE DE RIBAMAR;95;RandomForest
11/11/2025;SAO JOSE DE RIBAMAR;96;RandomForest
12/11/2025;SAO JOSE DE RIBAMAR;96;RandomForest
01/10/2025;SAO MATEUS DO MARANHAO;48;ExtraTrees
02/10/2025;SAO MATEUS DO MARANHAO;51;ExtraTrees
03/10/2025;SAO MATEUS DO MARANHAO;41;ExtraTrees
06/10/2025;SAO MATEUS DO MARANHAO;53;ExtraTrees
07/10/2025;SAO MATEUS DO MARANHAO;51;ExtraTrees
08/10/2025;SAO MATEUS DO MARANHAO;45;ExtraTrees
09/10/2025;SAO MATEUS DO MARANHAO;47;ExtraTrees
10/10/2025;SAO MATEUS DO MARANHAO;41;ExtraTrees
13/10/2025;SAO MATEUS DO MARANHAO;52;ExtraTrees
14/10/2025;SAO MATEUS DO MARANHAO;49;ExtraTrees
15/10/2025;SAO MATEUS DO MARANHAO;43;ExtraTrees
16/10/2025;SAO MATEUS DO MARANHAO;45;ExtraTrees
17/10/2025;SAO MATEUS DO MARANHAO;42;ExtraTrees
20/10/2025;SAO MATEUS DO MARANHAO;52;ExtraTrees
21/10/2025;SAO MATEUS DO MARANHAO;49;ExtraTrees
22/10/2025;SAO MATEUS DO MARANHAO;45;ExtraTrees
23/10/2025;SAO MATEUS DO MARANHAO;47;ExtraTrees
24/10/2025;SAO MATEUS DO MARANHAO;46;ExtraTrees
27/10/2025;SAO MATEUS DO MARANHAO;57;ExtraTrees
28/10/2025;SAO MATEUS DO MARANHAO;53;ExtraTrees
29/10/2025;SAO MATEUS DO MARANHAO;50;ExtraTrees
30/10/2025;SAO MATEUS DO MARANHAO;47;ExtraTrees
31/10/2025;SAO MATEUS DO MARANHAO;45;ExtraTrees
03/11/2025;SAO MATEUS DO MARANHAO;51;ExtraTrees
04/11/2025;SAO MATEUS DO MARANHAO;49;ExtraTrees
05/11/2025;SAO MATEUS DO MARANHAO;44;ExtraTrees
06/11/2025;SAO MATEUS DO MARANHAO;48;ExtraTrees
07/11/2025;SAO MATEUS DO MARANHAO;42;ExtraTrees
10/11/2025;SAO MATEUS DO MARANHAO;54;ExtraTrees
11/11/2025;SAO MATEUS DO MARANHAO;51;ExtraTrees
12/11/2025;SAO MATEUS DO MARANHAO;43;ExtraTrees
01/10/2025;SAO PEDRO DA AGUA BRANCA;9;GradientBoosting
02/10/2025;SAO PEDRO DA AGUA BRANCA;8;GradientBoosting
03/10/2025;SAO PEDRO DA AGUA BRANCA;8;GradientBoosting
06/10/2025;SAO PEDRO DA AGUA BRANCA;7;GradientBoosting
07/10/2025;SAO PEDRO DA AGUA BRANCA;7;GradientBoosting
08/10/2025;SAO PEDRO DA AGUA BRANCA;5;GradientBoosting
09/10/2025;SAO PEDRO DA AGUA BRANCA;6;GradientBoosting
10/10/2025;SAO PEDRO DA AGUA BRANCA;8;GradientBoosting
13/10/2025;SAO PEDRO DA AGUA BRANCA;7;GradientBoosting
14/10/2025;SAO PEDRO DA AGUA BRANCA;8;GradientBoosting
15/10/2025;SAO PEDRO DA AGUA BRANCA;7;GradientBoosting
16/10/2025;SAO PEDRO DA AGUA BRANCA;6;GradientBoosting
17/10/2025;SAO PEDRO DA AGUA BRANCA;6;GradientBoosting
20/10/2025;SAO PEDRO DA AGUA BRANCA;6;GradientBoosting
21/10/2025;SAO PEDRO DA AGUA BRANCA;6;GradientBoosting
22/10/2025;SAO PEDRO DA AGUA BRANCA;5;GradientBoosting
23/10/2025;SAO PEDRO DA AGUA BRANCA;7;GradientBoosting
24/10/2025;SAO PEDRO DA AGUA BRANCA;5;GradientBoosting
27/10/2025;SAO PEDRO DA AGUA BRANCA;5;GradientBoosting
28/10/2025;SAO PEDRO DA AGUA BRANCA;6;GradientBoosting
29/10/2025;SAO PEDRO DA AGUA BRANCA;5;GradientBoosting
30/10/2025;SAO PEDRO DA AGUA BRANCA;6;GradientBoosting
31/10/2025;SAO PEDRO DA AGUA BRANCA;5;GradientBoosting
03/11/2025;SAO PEDRO DA AGUA BRANCA;9;GradientBoosting
04/11/2025;SAO PEDRO DA AGUA BRANCA;9;GradientBoosting
05/11/2025;SAO PEDRO DA AGUA BRANCA;9;GradientBoosting
06/11/2025;SAO PEDRO DA AGUA BRANCA;8;GradientBoosting
07/11/2025;SAO PEDRO DA AGUA BRANCA;10;GradientBoosting
10/11/2025;SAO PEDRO DA AGUA BRANCA;9;GradientBoosting
11/11/2025;SAO PEDRO DA AGUA BRANCA;9;GradientBoosting
12/11/2025;SAO PEDRO DA AGUA BRANCA;5;GradientBoosting
01/10/2025;TIMON;154;GradientBoosting
02/10/2025;TIMON;151;GradientBoosting
03/10/2025;TIMON;147;GradientBoosting
06/10/2025;TIMON;188;GradientBoosting
07/10/2025;TIMON;167;GradientBoosting
08/10/2025;TIMON;155;GradientBoosting
09/10/2025;TIMON;148;GradientBoosting
10/10/2025;TIMON;151;GradientBoosting
13/10/2025;TIMON;176;GradientBoosting
14/10/2025;TIMON;159;GradientBoosting
15/10/2025;TIMON;150;GradientBoosting
16/10/2025;TIMON;160;GradientBoosting
17/10/2025;TIMON;156;GradientBoosting
20/10/2025;TIMON;180;GradientBoosting
21/10/2025;TIMON;166;GradientBoosting
22/10/2025;TIMON;154;GradientBoosting
23/10/2025;TIMON;153;GradientBoosting
24/10/2025;TIMON;151;GradientBoosting
27/10/2025;TIMON;187;GradientBoosting
28/10/2025;TIMON;174;GradientBoosting
29/10/2025;TIMON;160;GradientBoosting
30/10/2025;TIMON;135;GradientBoosting
31/10/2025;TIMON;151;GradientBoosting
03/11/2025;TIMON;178;GradientBoosting
04/11/2025;TIMON;165;GradientBoosting
05/11/2025;TIMON;127;GradientBoosting
06/11/2025;TIMON;139;GradientBoosting
07/11/2025;TIMON;137;GradientBoosting
10/11/2025;TIMON;163;GradientBoosting
11/11/2025;TIMON;146;GradientBoosting
12/11/2025;TIMON;136;GradientBoosting
01/10/2025;TUNTUM;31;RandomForest
02/10/2025;TUNTUM;31;RandomForest
03/10/2025;TUNTUM;31;RandomForest
06/10/2025;TUNTUM;39;RandomForest
07/10/2025;TUNTUM;38;RandomForest
08/10/2025;TUNTUM;32;RandomForest
09/10/2025;TUNTUM;33;RandomForest
10/10/2025;TUNTUM;30;RandomForest
13/10/2025;TUNTUM;31;RandomForest
14/10/2025;TUNTUM;32;RandomForest
15/10/2025;TUNTUM;31;RandomForest
16/10/2025;TUNTUM;25;RandomForest
17/10/2025;TUNTUM;25;RandomForest
20/10/2025;TUNTUM;20;RandomForest
21/10/2025;TUNTUM;31;RandomForest
22/10/2025;TUNTUM;28;RandomForest
23/10/2025;TUNTUM;27;RandomForest
24/10/2025;TUNTUM;28;RandomForest
27/10/2025;TUNTUM;23;RandomForest
28/10/2025;TUNTUM;30;RandomForest
29/10/2025;TUNTUM;27;RandomForest
30/10/2025;TUNTUM;24;RandomForest
31/10/2025;TUNTUM;25;RandomForest
03/11/2025;TUNTUM;16;RandomForest
04/11/2025;TUNTUM;27;RandomForest
05/11/2025;TUNTUM;23;RandomForest
06/11/2025;TUNTUM;23;RandomForest
07/11/2025;TUNTUM;22;RandomForest
10/11/2025;TUNTUM;24;RandomForest
11/11/2025;TUNTUM;24;RandomForest
12/11/2025;TUNTUM;24;RandomForest
01/10/2025;TUTOIA;4;LightGBM
02/10/2025;TUTOIA;4;LightGBM
03/10/2025;TUTOIA;4;LightGBM
06/10/2025;TUTOIA;4;LightGBM
07/10/2025;TUTOIA;4;LightGBM
08/10/2025;TUTOIA;4;LightGBM
09/10/2025;TUTOIA;4;LightGBM
10/10/2025;TUTOIA;3;LightGBM
13/10/2025;TUTOIA;4;LightGBM
14/10/2025;TUTOIA;4;LightGBM
15/10/2025;TUTOIA;3;LightGBM
16/10/2025;TUTOIA;3;LightGBM
17/10/2025;TUTOIA;3;LightGBM
20/10/2025;TUTOIA;4;LightGBM
21/10/2025;TUTOIA;4;LightGBM
22/10/2025;TUTOIA;3;LightGBM
23/10/2025;TUTOIA;3;LightGBM
24/10/2025;TUTOIA;3;LightGBM
27/10/2025;TUTOIA;4;LightGBM
28/10/2025;TUTOIA;4;LightGBM
29/10/2025;TUTOIA;3;LightGBM
30/10/2025;TUTOIA;4;LightGBM
31/10/2025;TUTOIA;4;LightGBM
03/11/2025;TUTOIA;4;LightGBM
04/11/2025;TUTOIA;4;LightGBM
05/11/2025;TUTOIA;4;LightGBM
06/11/2025;TUTOIA;4;LightGBM
07/11/2025;TUTOIA;4;LightGBM
10/11/2025;TUTOIA;4;LightGBM
11/11/2025;TUTOIA;4;LightGBM
12/11/2025;TUTOIA;4;LightGBM
01/10/2025;URBANO SANTOS;27;GradientBoosting
02/10/2025;URBANO SANTOS;27;GradientBoosting
03/10/2025;URBANO SANTOS;21;GradientBoosting
06/10/2025;URBANO SANTOS;22;GradientBoosting
07/10/2025;URBANO SANTOS;23;GradientBoosting
08/10/2025;URBANO SANTOS;19;GradientBoosting
09/10/2025;URBANO SANTOS;24;GradientBoosting
10/10/2025;URBANO SANTOS;21;GradientBoosting
13/10/2025;URBANO SANTOS;24;GradientBoosting
14/10/2025;URBANO SANTOS;20;GradientBoosting
15/10/2025;URBANO SANTOS;20;GradientBoosting
16/10/2025;URBANO SANTOS;19;GradientBoosting
17/10/2025;URBANO SANTOS;19;GradientBoosting
20/10/2025;URBANO SANTOS;19;GradientBoosting
21/10/2025;URBANO SANTOS;16;GradientBoosting
22/10/2025;URBANO SANTOS;21;GradientBoosting
23/10/2025;URBANO SANTOS;17;GradientBoosting
24/10/2025;URBANO SANTOS;19;GradientBoosting
27/10/2025;URBANO SANTOS;20;GradientBoosting
28/10/2025;URBANO SANTOS;19;GradientBoosting
29/10/2025;URBANO SANTOS;18;GradientBoosting
30/10/2025;URBANO SANTOS;18;GradientBoosting
31/10/2025;URBANO SANTOS;20;GradientBoosting
03/11/2025;URBANO SANTOS;18;GradientBoosting
04/11/2025;URBANO SANTOS;17;GradientBoosting
05/11/2025;URBANO SANTOS;14;GradientBoosting
06/11/2025;URBANO SANTOS;19;GradientBoosting
07/11/2025;URBANO SANTOS;18;GradientBoosting
10/11/2025;URBANO SANTOS;21;GradientBoosting
11/11/2025;URBANO SANTOS;20;GradientBoosting
12/11/2025;URBANO SANTOS;20;GradientBoosting
01/10/2025;VARGEM GRANDE;16;RandomForest
02/10/2025;VARGEM GRANDE;16;RandomForest
03/10/2025;VARGEM GRANDE;14;RandomForest
06/10/2025;VARGEM GRANDE;22;RandomForest
07/10/2025;VARGEM GRANDE;18;RandomForest
08/10/2025;VARGEM GRANDE;17;RandomForest
09/10/2025;VARGEM GRANDE;16;RandomForest
10/10/2025;VARGEM GRANDE;13;RandomForest
13/10/2025;VARGEM GRANDE;17;RandomForest
14/10/2025;VARGEM GRANDE;16;RandomForest
15/10/2025;VARGEM GRANDE;15;RandomForest
16/10/2025;VARGEM GRANDE;14;RandomForest
17/10/2025;VARGEM GRANDE;13;RandomForest
20/10/2025;VARGEM GRANDE;18;RandomForest
21/10/2025;VARGEM GRANDE;17;RandomForest
22/10/2025;VARGEM GRANDE;16;RandomForest
23/10/2025;VARGEM GRANDE;16;RandomForest
24/10/2025;VARGEM GRANDE;14;RandomForest
27/10/2025;VARGEM GRANDE;18;RandomForest
28/10/2025;VARGEM GRANDE;18;RandomForest
29/10/2025;VARGEM GRANDE;15;RandomForest
30/10/2025;VARGEM GRANDE;15;RandomForest
31/10/2025;VARGEM GRANDE;13;RandomForest
03/11/2025;VARGEM GRANDE;22;RandomForest
04/11/2025;VARGEM GRANDE;21;RandomForest
05/11/2025;VARGEM GRANDE;18;RandomForest
06/11/2025;VARGEM GRANDE;18;RandomForest
07/11/2025;VARGEM GRANDE;14;RandomForest
10/11/2025;VARGEM GRANDE;20;RandomForest
11/11/2025;VARGEM GRANDE;15;RandomForest
12/11/2025;VARGEM GRANDE;14;RandomForest
01/10/2025;VIANA;42;GradientBoosting
02/10/2025;VIANA;35;GradientBoosting
03/10/2025;VIANA;34;GradientBoosting
06/10/2025;VIANA;45;GradientBoosting
07/10/2025;VIANA;40;GradientBoosting
08/10/2025;VIANA;36;GradientBoosting
09/10/2025;VIANA;38;GradientBoosting
10/10/2025;VIANA;37;GradientBoosting
13/10/2025;VIANA;46;GradientBoosting
14/10/2025;VIANA;43;GradientBoosting
15/10/2025;VIANA;39;GradientBoosting
16/10/2025;VIANA;40;GradientBoosting
17/10/2025;VIANA;40;GradientBoosting
20/10/2025;VIANA;48;GradientBoosting
21/10/2025;VIANA;39;GradientBoosting
22/10/2025;VIANA;32;GradientBoosting
23/10/2025;VIANA;34;GradientBoosting
24/10/2025;VIANA;34;GradientBoosting
27/10/2025;VIANA;39;GradientBoosting
28/10/2025;VIANA;30;GradientBoosting
29/10/2025;VIANA;36;GradientBoosting
30/10/2025;VIANA;37;GradientBoosting
31/10/2025;VIANA;46;GradientBoosting
03/11/2025;VIANA;39;GradientBoosting
04/11/2025;VIANA;32;GradientBoosting
05/11/2025;VIANA;23;GradientBoosting
06/11/2025;VIANA;22;GradientBoosting
07/11/2025;VIANA;22;GradientBoosting
10/11/2025;VIANA;30;GradientBoosting
11/11/2025;VIANA;24;GradientBoosting
12/11/2025;VIANA;23;GradientBoosting
01/10/2025;VITORIA DO MEARIM;3;LightGBM
02/10/2025;VITORIA DO MEARIM;3;LightGBM
03/10/2025;VITORIA DO MEARIM;3;LightGBM
06/10/2025;VITORIA DO MEARIM;3;LightGBM
07/10/2025;VITORIA DO MEARIM;3;LightGBM
08/10/2025;VITORIA DO MEARIM;3;LightGBM
09/10/2025;VITORIA DO MEARIM;3;LightGBM
10/10/2025;VITORIA DO MEARIM;3;LightGBM
13/10/2025;VITORIA DO MEARIM;3;LightGBM
14/10/2025;VITORIA DO MEARIM;3;LightGBM
15/10/2025;VITORIA DO MEARIM;3;LightGBM
16/10/2025;VITORIA DO MEARIM;3;LightGBM
17/10/2025;VITORIA DO MEARIM;3;LightGBM
20/10/2025;VITORIA DO MEARIM;3;LightGBM
21/10/2025;VITORIA DO MEARIM;3;LightGBM
22/10/2025;VITORIA DO MEARIM;3;LightGBM
23/10/2025;VITORIA DO MEARIM;3;LightGBM
24/10/2025;VITORIA DO MEARIM;3;LightGBM
27/10/2025;VITORIA DO MEARIM;3;LightGBM
28/10/2025;VITORIA DO MEARIM;3;LightGBM
29/10/2025;VITORIA DO MEARIM;3;LightGBM
30/10/2025;VITORIA DO MEARIM;3;LightGBM
31/10/2025;VITORIA DO MEARIM;3;LightGBM
03/11/2025;VITORIA DO MEARIM;3;LightGBM
04/11/2025;VITORIA DO MEARIM;3;LightGBM
05/11/2025;VITORIA DO MEARIM;3;LightGBM
06/11/2025;VITORIA DO MEARIM;3;LightGBM
07/11/2025;VITORIA DO MEARIM;3;LightGBM
10/11/2025;VITORIA DO MEARIM;3;LightGBM
11/11/2025;VITORIA DO MEARIM;3;LightGBM
12/11/2025;VITORIA DO MEARIM;3;LightGBM
01/10/2025;VITORINO FREIRE;44;ExtraTrees
02/10/2025;VITORINO FREIRE;41;ExtraTrees
03/10/2025;VITORINO FREIRE;36;ExtraTrees
06/10/2025;VITORINO FREIRE;44;ExtraTrees
07/10/2025;VITORINO FREIRE;43;ExtraTrees
08/10/2025;VITORINO FREIRE;40;ExtraTrees
09/10/2025;VITORINO FREIRE;37;ExtraTrees
10/10/2025;VITORINO FREIRE;36;ExtraTrees
13/10/2025;VITORINO FREIRE;45;ExtraTrees
14/10/2025;VITORINO FREIRE;38;ExtraTrees
15/10/2025;VITORINO FREIRE;37;ExtraTrees
16/10/2025;VITORINO FREIRE;36;ExtraTrees
17/10/2025;VITORINO FREIRE;35;ExtraTrees
20/10/2025;VITORINO FREIRE;46;ExtraTrees
21/10/2025;VITORINO FREIRE;36;ExtraTrees
22/10/2025;VITORINO FREIRE;37;ExtraTrees
23/10/2025;VITORINO FREIRE;35;ExtraTrees
24/10/2025;VITORINO FREIRE;35;ExtraTrees
27/10/2025;VITORINO FREIRE;46;ExtraTrees
28/10/2025;VITORINO FREIRE;36;ExtraTrees
29/10/2025;VITORINO FREIRE;38;ExtraTrees
30/10/2025;VITORINO FREIRE;36;ExtraTrees
31/10/2025;VITORINO FREIRE;36;ExtraTrees
03/11/2025;VITORINO FREIRE;48;ExtraTrees
04/11/2025;VITORINO FREIRE;43;ExtraTrees
05/11/2025;VITORINO FREIRE;41;ExtraTrees
06/11/2025;VITORINO FREIRE;38;ExtraTrees
07/11/2025;VITORINO FREIRE;36;ExtraTrees
10/11/2025;VITORINO FREIRE;49;ExtraTrees
11/11/2025;VITORINO FREIRE;40;ExtraTrees
12/11/2025;VITORINO FREIRE;38;ExtraTrees
01/10/2025;VIVA IMPERATRIZ;9;GradientBoosting
02/10/2025;VIVA IMPERATRIZ;7;GradientBoosting
03/10/2025;VIVA IMPERATRIZ;8;GradientBoosting
06/10/2025;VIVA IMPERATRIZ;13;GradientBoosting
07/10/2025;VIVA IMPERATRIZ;11;GradientBoosting
08/10/2025;VIVA IMPERATRIZ;11;GradientBoosting
09/10/2025;VIVA IMPERATRIZ;12;GradientBoosting
10/10/2025;VIVA IMPERATRIZ;12;GradientBoosting
13/10/2025;VIVA IMPERATRIZ;14;GradientBoosting
14/10/2025;VIVA IMPERATRIZ;13;GradientBoosting
15/10/2025;VIVA IMPERATRIZ;13;GradientBoosting
16/10/2025;VIVA IMPERATRIZ;12;GradientBoosting
17/10/2025;VIVA IMPERATRIZ;7;GradientBoosting
20/10/2025;VIVA IMPERATRIZ;13;GradientBoosting
21/10/2025;VIVA IMPERATRIZ;12;GradientBoosting
22/10/2025;VIVA IMPERATRIZ;12;GradientBoosting
23/10/2025;VIVA IMPERATRIZ;11;GradientBoosting
24/10/2025;VIVA IMPERATRIZ;11;GradientBoosting
27/10/2025;VIVA IMPERATRIZ;13;GradientBoosting
28/10/2025;VIVA IMPERATRIZ;12;GradientBoosting
29/10/2025;VIVA IMPERATRIZ;8;GradientBoosting
30/10/2025;VIVA IMPERATRIZ;12;GradientBoosting
31/10/2025;VIVA IMPERATRIZ;12;GradientBoosting
03/11/2025;VIVA IMPERATRIZ;13;GradientBoosting
04/11/2025;VIVA IMPERATRIZ;12;GradientBoosting
05/11/2025;VIVA IMPERATRIZ;12;GradientBoosting
06/11/2025;VIVA IMPERATRIZ;12;GradientBoosting
07/11/2025;VIVA IMPERATRIZ;11;GradientBoosting
10/11/2025;VIVA IMPERATRIZ;8;GradientBoosting
11/11/2025;VIVA IMPERATRIZ;12;GradientBoosting
12/11/2025;VIVA IMPERATRIZ;12;GradientBoosting
01/10/2025;ZE DOCA;4;LightGBM
02/10/2025;ZE DOCA;4;LightGBM
03/10/2025;ZE DOCA;3;LightGBM
06/10/2025;ZE DOCA;3;LightGBM
07/10/2025;ZE DOCA;2;LightGBM
08/10/2025;ZE DOCA;2;LightGBM
09/10/2025;ZE DOCA;2;LightGBM
10/10/2025;ZE DOCA;2;LightGBM
13/10/2025;ZE DOCA;2;LightGBM
14/10/2025;ZE DOCA;2;LightGBM
15/10/2025;ZE DOCA;2;LightGBM
16/10/2025;ZE DOCA;3;LightGBM
17/10/2025;ZE DOCA;3;LightGBM
20/10/2025;ZE DOCA;3;LightGBM
21/10/2025;ZE DOCA;3;LightGBM
22/10/2025;ZE DOCA;3;LightGBM
23/10/2025;ZE DOCA;3;LightGBM
24/10/2025;ZE DOCA;3;LightGBM
27/10/2025;ZE DOCA;3;LightGBM
28/10/2025;ZE DOCA;3;LightGBM
29/10/2025;ZE DOCA;3;LightGBM
30/10/2025;ZE DOCA;3;LightGBM
31/10/2025;ZE DOCA;3;LightGBM
03/11/2025;ZE DOCA;3;LightGBM
04/11/2025;ZE DOCA;3;LightGBM
05/11/2025;ZE DOCA;3;LightGBM
06/11/2025;ZE DOCA;3;LightGBM
07/11/2025;ZE DOCA;3;LightGBM
10/11/2025;ZE DOCA;3;LightGBM
11/11/2025;ZE DOCA;3;LightGBM
12/11/2025;ZE DOCA;3;LightGBM
